question,body,A,B,C,D,E,year,question_number,test,answer,language
QUESTÃO 91,"Megaespetáculos com queima de grande quantidade de fogos de artifício em festas de final de ano são muito comuns no Brasil. Após a queima, grande quantidade de material particulado permanece suspensa no ar. Entre os resíduos, encontram-se compostos de sódio, potássio, bário, cálcio, chumbo, antimônio, cromo, além de percloratos e gases, como os dióxidos de nitrogênio e enxofre. Esses espetáculos promovem riscos ambientais, porque",as substâncias resultantes da queima de fogos de artifício são inflamáveis.,os resíduos produzidos na queima de fogos de artifício ainda são explosivos.,o sódio e o potássio são os principais responsáveis pela toxicidade do produto da queima.,os produtos da queima contêm metais pesados e gases tóxicos que resultam em poluição atmosférica.,o material particulado gerado se deposita na superfície das folhas das plantas impedindo os processos de respiração celular.,2020,91,CN,D,portuguese
QUESTÃO 92,"Há muitos mitos em relação a como se proteger de raios: cobrir espelhos e não pegar em facas, garfos e outros objetos metálicos, por exemplo. Mas, de fato, se houver uma tempestade com raios, alguns cuidados são importantes, como evitar ambientes abertos. Um bom abrigo para proteção é o interior de um automóvel, desde que este não seja conversível. Qual o motivo físico da proteção fornecida pelos automóveis, conforme citado no texto?",Isolamento elétrico dos pneus.,Efeito de para-raios da antena.,Blindagem pela carcaça metálica.,Escoamento da água pela lataria.,Aterramento pelo fio terra da bateria.,2020,92,CN,C,portuguese
QUESTÃO 93,"As moedas despertam o interesse de colecionadores, numismatas e investidores há bastante tempo. Uma moeda de 100 por cento cobre, circulante no período do Brasil Colônia, pode ser bastante valiosa. O elevado valor gera a necessidade de realização de testes que validem a procedência da moeda, bem como a veracidade de sua composição. Sabendo que a densidade do cobre metálico é próxima de 9 gramas por centímetro cúbico , um investidor negocia a aquisição de um lote de quatro moedas, A, B, C e D, fabricadas supostamente de 100 por cento cobre e massas 26 gramas, 27 gramas, 10 gramas e 36 gramas, respectivamente. Com o objetivo de testar a densidade das moedas, foi realizado um procedimento em que elas foram sequencialmente inseridas em uma proveta contendo 5 mililitros de água, conforme esquematizado. Descrição do esquema gráfico: Esquema gráfico com a representação de cinco cilindros (provetas) que contêm água e moedas. Da esquerda para a direita. A primeira proveta contém apenas água, para a qual o eixo vertical do gráfico indica um volume de água igual a 5 mililitros. Na segunda proveta a moeda A está imersa em água, de modo a indicar no eixo vertical um volume total igual a 7 mililitros. Na terceira proveta encontram-se imersas em água uma moeda A e uma moeda B, totalizando um volume de 10 mililitros no eixo vertical do gráfico. Na quarta proveta há três moedas imersas: A, B e C, totalizando um volume de 12 mililitros. Na quinta proveta há quatro moedas imersas em água: A, B, C e D, totalizando um volume de 16 mililitros. Com base nos dados obtidos, o investidor adquiriu as moedas",A e B.,A e C.,B e C.,B e D.,C e D.,2020,93,CN,D,portuguese
QUESTÃO 94,"Os diferentes tipos de café que consumimos nem sempre vêm da mesma espécie de planta. As duas espécies de café mais utilizadas são Coffea canephora e Coffea arabica . A primeira é diploide (2 vezes n é igual a 22) e a segunda é tetraploide (2 vezes n é igual a 44). Acredita-se que a espécie tetraploide surgiu de um cruzamento natural entre C . canephora e C . eugenioides , ambas diploides, há milhões de anos. De fato, as análises genéticas atuais nos cromossomos de C . arabica detectam os alelos de ambas as origens. A alteração cromossômica que poderia explicar o surgimento do café da espécie C . arabica é:",Duplicação em uma das plantas parentais antes do cruzamento.,Inversão durante a meiose gamética em ambas as plantas parentais.,Separação desigual na meiose gamética de uma das plantas parentais.,Falha na separação durante a meiose gamética em ambas as plantas parentais.,Deleções durante as primeiras mitoses zigóticas na planta descendente C . arabica .,2020,94,CN,anulada,portuguese
QUESTÃO 95,"Os manuais de refrigerador apresentam a recomendação de que o equipamento não deve ser instalado próximo a fontes de calor, como fogão e aquecedores, ou em local onde incida diretamente a luz do sol. A instalação em local inadequado prejudica o funcionamento do refrigerador e aumenta o consumo de energia. O não atendimento dessa recomendação resulta em aumento do consumo de energia porque",o fluxo de calor por condução no condensador sofre considerável redução.,a temperatura da substância refrigerante no condensador diminui mais rapidamente.,o fluxo de calor promove significativa elevação da temperatura no interior do refrigerador.,a liquefação da substância refrigerante no condensador exige mais trabalho do compressor.,as correntes de convecção nas proximidades do condensador ocorrem com maior dificuldade.,2020,95,CN,D,portuguese
QUESTÃO 96,"Durante a realização de uma partida de futebol, os jogadores perceberam que a bola estava murcha. Para calibrar a bola, um jogador utilizou uma bomba pneumática manual, composta por um êmbolo que desliza no interior de um cilindro feito de plástico. No processo de calibração da bola, o jogador percebeu que a parte final da bomba em contato com sua mão, e que fica mais próxima ao bico da bomba, ficou bem quente. O significativo aquecimento notado pelo jogador deve-se ao(à)",atrito sucessivo entre o êmbolo e as paredes internas da bomba.,transferência de calor por condução das mãos do jogador para a bomba.,aumento da energia interna do ar contido na bomba a cada compressão promovida.,turbilhonamento promovido nas porções de ar confinadas acima e abaixo do êmbolo.,expansão do ar na saída pela parte inferior da bomba a cada compressão promovida.,2020,96,CN,C,portuguese
QUESTÃO 97,"A Torre Eiffel, com seus 324 metros de altura, feita com treliças de ferro, pesava 7 300 toneladas quando terminou de ser construída em 1889. Um arquiteto resolve construir um protótipo dessa torre em escala 1 para 100, usando os mesmos materiais (cada dimensão linear em escala de 1 para 100 do monumento real). Considere que a torre real tenha uma massa M1 e exerça na fundação sobre a qual foi erguida uma pressão P1. O modelo construído pelo arquiteto terá uma massa M2 e exercerá uma pressão P2. Como a pressão exercida pela torre se compara com a pressão exercida pelo protótipo? Ou seja, qual é o valor da razão entre as pressões (P1 dividido por P2)?",10 elevado a zero .,10 elevado a um .,10 elevado a dois .,10 elevado a quatro .,10 elevado a seis .,2020,97,CN,C,portuguese
QUESTÃO 98,"Um chuveiro elétrico foi instalado indevidamente, de forma que, quando é ligado com a chave seletora na posição inverno, a água fica com temperatura baixa. Verifica-se que o chuveiro está ligado a um disjuntor de 50 ampères e a corrente medida é de cerca de 30 ampères. A potência do chuveiro, como especificado, é de 4 400 watts na tensão de 110 volts. Para aquecer a água até a temperatura máxima, pode-se",diminuir o comprimento da resistência elétrica do chuveiro.,substituir o fio que alimenta o chuveiro por outro de menor diâmetro.,instalar um resistor em série com a resistência do chuveiro.,ligar o chuveiro a um disjuntor de menor amperagem.,trocar sua resistência elétrica por outra de maior resistividade.,2020,98,CN,A,portuguese
QUESTÃO 99,"A Química Verde é um ramo da química que prega o desenvolvimento de processos eficientes, que transformem a maior parte do reagente em produto, de forma mais rápida e seletiva, que utilizem poucos reagentes, que produzam somente o produto desejado, evitando a formação de coprodutos, e que utilizem solventes não agressivos ao meio ambiente. Assim, as indústrias contornariam problemas relacionados à poluição ambiental e ao desperdício de água e energia. O perfil de um processo que segue todos os princípios desse ramo da química pode ser representado por:",Os reagentes A mais B mais C formam o produto D. A reação ocorre a altas pressões.,Os reagentes A mais B formam os produtos C mais D. A reação é fortemente endotérmica.,Os reagentes A mais 3 B formam o produto C. A reação ocorre com uso de solvente orgânico.,"Os reagentes 3 A mais 2 B formam o produto 2 C, que se transforma nos produtos 3 D mais 2 E. A reação ocorre sob pressão atmosférica.","Os reagentes A mais 0,5 B formam o produto C. A reação ocorre com o uso de um catalisador contendo um metal não tóxico.",2020,99,CN,E,portuguese
QUESTÃO 100,"O diapasão de garfo é um instrumento metálico em forma de forquilha, que serve para afinar instrumentos musicais. Para isso, o diapasão é feito para vibrar e o som de determinada altura por ele emitido é comparado com o som emitido pelo instrumento. O ajuste ocorre até que o instrumento emita um som de mesma característica que a do diapasão. Qual característica do som deve ser ajustada?",Amplitude.,Frequência.,Intensidade.,Timbre.,Velocidade de propagação.,2020,100,CN,B,portuguese
QUESTÃO 101,"Os satélites artificiais que estão em órbita em torno da Terra possuem circuitos elétricos que necessitam de energia elétrica para funcionar. A demanda energética não é muito grande, mas de alguma forma o circuito do satélite deve ser alimentado. Considerando a disponibilidade energética, as questões de ordem econômica e os riscos decorrentes da utilização de certa fonte de energia, a melhor alternativa para alimentar os circuitos elétricos do satélite é a partir de",células solares.,pilhas alcalinas.,biocombustíveis.,combustíveis fósseis.,reatores termonucleares.,2020,101,CN,A,portuguese
QUESTÃO 102,"Caso um astronauta, no interior de uma estação espacial em órbita em torno da Terra, tente medir seu peso em uma balança convencional, essa não indicará nenhum valor. A interpretação científica para esse fato é que a aceleração gravitacional terrestre","tende a zero, devido à grande distância da Terra.","inexiste fora da atmosfera da Terra, devido à ausência de ar.","anula-se com a aceleração da gravidade lunar, devido à proximidade da Lua.","mantém o mesmo movimento orbital para o astronauta e a balança, devido à ação igual em ambos.","não atua em corpos que se encontram no vácuo, devido ao fato de tal meio não permitir a existência de forças.",2020,102,CN,D,portuguese
QUESTÃO 103,"Dois engenheiros estão verificando se uma cavidade perfurada no solo está de acordo com o planejamento de uma obra, cuja profundidade requerida é de 30 metros. O teste é feito por um dispositivo denominado oscilador de áudio de frequência variável, que permite relacionar a profundidade com os valores da frequência de duas ressonâncias consecutivas, assim como em um tubo sonoro fechado. A menor frequência de ressonância que o aparelho mediu foi 135 hertz. Considere que a velocidade do som dentro da cavidade perfurada é de 360 metros por segundo . Se a profundidade estiver de acordo com o projeto, qual será o valor da próxima frequência de ressonância que será medida?",137 hertz.,138 hertz.,141 hertz.,144 hertz.,159 hertz.,2020,103,CN,C,portuguese
QUESTÃO 104,"Instituições acadêmicas e de pesquisa no mundo estão inserindo genes em genomas de plantas que possam codificar produtos de interesse farmacológico. No Brasil, está sendo desenvolvida uma variedade de soja com um viricida ou microbicida capaz de prevenir a contaminação pelo vírus causador da aids. Essa leguminosa está sendo induzida a produzir a enzima cianovirina-N, que tem eficiência comprovada contra o vírus. A técnica para gerar essa leguminosa é um exemplo de",hibridismo.,transgenia.,conjugação.,terapia gênica.,melhoramento genético.,2020,104,CN,B,portuguese
QUESTÃO 105,"Pesquisadores coletaram amostras de água de um rio em pontos diferentes, distantes alguns quilômetros um do outro. Ao longo do rio, há locais de águas limpas, como também locais que recebem descarga de esgoto de área urbana, e locais onde há decomposição ativa com ausência de peixes. Os pesquisadores analisaram dois parâmetros: oxigênio dissolvido (OD) e demanda bioquímica de oxigênio (DBO) em cada ponto de coleta de água, obtendo o gráfico: Descrição do gráfico: O gráfico apresenta no eixo x os pontos de amostragem e no eixo y os parâmetros OD e DBO (miligrama por litro). O ponto de amostragem 1 tem OD igual a 4 e DBO igual a 13. O ponto de amostragem 2 tem OD igual a 2 e DBO igual a 7. O ponto de amostragem 3 tem OD igual a 0,9 e DBO igual a 1,8. O ponto de amostragem 4 tem OD igual a 3 e DBO igual a 4. O ponto de amostragem 5 tem OD igual a 6 e DBO igual a 4. Valores limites permitidos para águas doces destinadas ao abastecimento para o consumo humano após tratamento convencional, segundo Resolução Conama número 357/2005: OD maior ou igual a 5 miligramas por litro e DBO menor ou igual a 5 miligramas por litro.  O OD é proveniente da atmosfera e da fotossíntese que ocorre no curso-d’água e sua concentração é função das variáveis físicas, químicas e bioquímicas locais. A DBO é a quantidade de oxigênio consumido por microrganismos em condições aeróbicas para degradar uma determinada quantidade de matéria orgânica, durante um período de tempo, numa temperatura de incubação específica.  Qual ponto de amostragem da água do rio está mais próximo ao local em que o rio recebe despejo de esgoto?",1,2,3,4,5,2020,105,CN,A,portuguese
QUESTÃO 106,"O c rescimento da frota de veículos em circulação no mundo tem levado à busca e desenvolvimento de tecnologias que permitam minimizar emissões de poluentes atmosféricos. O uso de veículos elétricos é uma das propostas mais propagandeadas por serem de emissão zero. Podemos comparar a emissão de carbono na forma de CO2 (massa molar igual a 44 gramas por mol, fecha parentêse, para os dois tipos de carros (a combustão e elétrico). Considere que os veículos tradicionais a combustão, movidos a etanol (massa molar igual a 46 gramas por mol) emitem uma média de 2,6 mol de CO2 por quilômetro rodado, e os elétricos emitem o equivalente a 0,45 mol de CO2 por quilômetro rodado (considerando as emissões na geração e transmissão da eletricidade). A reação de combustão do etanol pode ser representada pela equação quí mica: Descrição da equação química: Os reagentes C2H5OH (líquido) mais 3 O2 (gasoso) formam os produtos 2 CO2 (gasoso) mais 3 H2O (gasoso). Foram analisadas as emissões de CO 2 envolvidas em dois veículos, um movido a etanol e outro elétrico, em um mesmo trajeto de 1 000 quilômetros . A quantidade equivalente de etanol economizada, em quilograma, com o uso do veículo elétrico nesse trajeto, é mais próxima de:",50.,60.,95.,99.,120.,2020,106,CN,A,portuguese
QUESTÃO 107,"A Síndrome Respiratória do Oriente Médio (MERS) tem preocupado o mundo, em especial pelas semelhanças com a Síndrome Respiratória Aguda Grave (SARS) e pela letalidade. As pessoas acometidas podem apresentar febre, tosse, dificuldade de respirar, náuseas e diarreia. Causada por um coronavírus, a doença espalha-se facilmente, pelo contato com indivíduos infectados. Qual forma de prevenção pode, emergencialmente, auxiliar no controle da disseminação dessa epidemia?",Evitar o frio.,Utilizar antitérmicos.,Ter hábitos de vida saudáveis.,Melhorar o saneamento básico.,Usar máscaras de proteção facial.,2020,107,CN,E,portuguese
QUESTÃO 108,"Embora a energia nuclear possa ser utilizada para fins pacíficos, recentes conflitos geopolíticos têm trazido preocupações em várias partes do planeta e estimulado discussões visando o combate ao uso de armas de destruição em massa. Além do potencial destrutivo da bomba atômica, uma grande preocupação associada ao emprego desse artefato bélico é a poeira radioativa deixada após a bomba ser detonada. Qual é o processo envolvido na detonação dessa bomba?","Fissão nuclear do urânio, provocada por nêutrons.","Fusão nuclear do hidrogênio, provocada por prótons.","Desintegração nuclear do plutônio, provocada por elétrons.","Associação em cadeia de chumbo, provocada por pósitrons.","Decaimento radioativo do carbono, provocado por partículas beta.",2020,108,CN,A,portuguese
QUESTÃO 109,"P lantas pioneiras são as que iniciam o processo natural de cicatrização de uma área desprovida de vegetação. Em geral, têm pequeno porte e crescem muito rápido, desenvolvem-se a pleno sol e são pouco exigentes quanto às condições do solo. Produzem grande quantidade de semente s e possuem ciclo de vida curto. Essas plantas são importantes em um projeto de restauração ambiental, pois promovem, no solo,",aumento da incidência de luz solar.,diminuição da absorção de água.,estabilização da umidade.,elevação de temperatura.,liberação de oxigênio.,2020,109,CN,C,portuguese
QUESTÃO 110,"Mesmo para peixes de aquário, como o peixe arco-íris, a temperatura da água fora da faixa ideal (26 graus Celsius a 28 graus Celsius) bem como sua variação brusca, pode afetar a saúde do animal. Para manter a temperatura da água dentro do aquário na média desejada, utilizam-se dispositivos de aquecimento com termostato. Por exemplo, para um aquário de 50 litros, pode-se utilizar um sistema de aquecimento de 50 watts otimizado para suprir sua taxa de resfriamento. Essa taxa pode ser considerada praticamente constante, já que a temperatura externa ao aquário é mantida pelas estufas. Utilize para a água o calor específico 4,0 quilojoule por quilograma por Kelvin e a densidade 1 quilograma por litro . Se o sistema de aquecimento for desligado por 1 hora, qual o valor mais próximo para a redução da temperatura da água do aquário?","4,0 graus Celsius","3,6 graus Celsius","0,9 grau Celsius","0,6 grau Celsius","0,3 grau Celsius",2020,110,CN,C,portuguese
QUESTÃO 111,"Um a mulher de 21 anos não tem filhos e apresenta um ciclo menstrual regular. Sua primeira menstruação do presente ano teve início no dia primeiro de janeiro. Ela teve uma única relação sexual naquele mês (no dia 4 de janeiro) sendo que nenhum método contraceptivo foi utilizado. Como até o dia 29 de janeiro ela não havia menstruado novamente, resolveu fazer um teste de gravidez, já que ela e seu parceiro não apresentavam problemas de infertilidade. O resultado foi negativo e, no dia seguinte (30 de janeiro) ela menstruou normalmente. De acordo com um ciclo menstrual regular, a mulher não ficou grávida porque a ovocitação (abre aspas, o vulação, fecha aspas) ocorreu cerca de",1 a 2 dias a pós a relação sexual.,9 a 11 dias após a relação sexual.,24 a 25 dias após a relação sexual.,6 a 7 dias antes da relação sexual.,2 a 3 dias antes da relação sexual.,2020,111,CN,B,portuguese
QUESTÃO 112,"O exame parasitológico de fezes é utilizado para detectar ovos de parasitos. Um dos métodos utilizados, denominado de centrífugo-flutuação, considera a densidade dos ovos em relação a uma solução de densidade 1,15 grama por mililitro . Assim, ovos que flutuam na superfície dessa solução são detectados. Os dados de densidade dos ovos de alguns parasitos estão apresentados na tabela. Descrição da tabela: A tabela apresenta duas colunas, uma com os nomes dos parasitos e outra com as densidades de seus ovos, da seguinte maneira: Ancylostoma : 1,06 grama por mililitro. Ascaris lumbricoides : 1,11 grama por mililitro. Ascaris suum : 1,13 grama por mililitro. Schistosoma mansoni : 1,18 grama por mililitro. Taenia saginata : 1,30 grama por mililitro. Considerando-se a densidade dos ovos e da solução, ovos de quais parasitos podem ser detectados por esse método?","A. lumbricoides, A. suum e S. mansoni.","S. mansoni, T. saginata e Ancylostoma .","Ancylostoma, A. lumbricoides e A. suum.","T. saginata, S. mansoni e A. lumbricoides.","A. lumbricoides, A. suum e T. saginata.",2020,112,CN,C,portuguese
QUESTÃO 113,"Em seu laboratório, um técnico em química foi incumbido de tratar um resíduo, evitando seu descarte direto no meio ambiente. Ao encontrar o frasco, observou a seguinte informação: abre aspas, Resíduo: mistura de acetato de etila e água , fecha aspas. Considere os dados do acetato de etila: • Baixa solubilidade em água; • Massa específica igual a 0,9 grama por centíme - tro cúbico ; • Temperatura de fusão igual a menos 83 graus Celsius ; • Pressão de vapor maior que a da água. A fim de tratar o resíduo, recuperando o acetato de etila, o técnico deve",evaporar o acetato de etila sem alterar o conteúdo de água.,filtrar a mistura utilizando um funil comum e um papel de filtro.,realizar uma destilação simples para separar a água do acetato de etila.,proceder a uma centrifugação da mistura para remover o acetato de etila.,decantar a mistura separando os dois componentes em um funil adequado.,2020,113,CN,E,portuguese
QUESTÃO 114,"Em 2011, uma falha no processo de perfuração realizado por uma empresa petrolífera ocasionou derramamento de petróleo na bacia hidrográfica de Campos, no Rio de Janeiro. Os impactos decorrentes desse derramamento ocorrem porque os componentes do petróleo","reagem com a água do mar e sofrem degradação, gerando compostos com elevada toxicidade.","acidificam o meio, promovendo o desgaste das conchas calcárias de moluscos e a morte de corais.","dissolvem-se na água, causando a mortandade dos seres marinhos por ingestão da água contaminada.","têm caráter hidrofóbico e baixa densidade, impedindo as trocas gasosas entre o meio aquático e a atmosfera.","têm cadeia pequena e elevada volatilidade, contaminando a atmosfera local e regional em função dos ventos nas orlas marítimas.",2020,114,CN,D,portuguese
QUESTÃO 115,"Durante uma coleta no Pantanal mato-grossense foram observadas algumas espécies de gramíneas, plantas que normalmente apresentam caule rastejante no solo, enrolando-se em outras plantas, dando a aparência de serem plantas trepadeiras. Levando em conta as características ambientais do Pantanal, a adaptação morfológica dessas gramíneas foi uma estratégia que possibilitou",captar mais luz.,captar mais oxigênio.,captar mais nutrientes.,escapar do excesso de água.,escapar da predação dos herbívoros.,2020,115,CN,D,portuguese
QUESTÃO 116,"A fragmentação dos hábitats é caracterizada pela formação de ilhas da paisagem original, circundadas por áreas transformadas. Esse tipo de interferência no ambiente ameaça a biodiversidade. Imagine que uma população de onças foi isolada em uma mata pequena. Elas se extinguiriam mesmo sem terem sido abatidas. Diversos componentes da ilha de hábitat, como o tamanho, a heterogeneidade, o seu entorno, a sua conectividade e o efeito de borda são determinantes para a persistência ou não das espécies originais. Uma medida que auxilia na conservação da biodiversidade nas ilhas mencionadas no texto compreende a",formação de micro-hábitats.,ampliação do efeito de borda.,construção de corredores ecológicos.,promoção da sucessão ecológica.,introdução de novas espécies de animais e vegetais.,2020,116,CN,C,portuguese
QUESTÃO 117,"A sacarase (ou invertase) é uma enzima que atua no intestino humano hidrolisando o dissacarídeo sacarose, nos monossacarídeos glicose e frutose. Em um estudo cinético da reação de hidrólise da sacarose (C12H22O11) foram dissolvidos 171 gramas de sacarose em 500 mililitros de água. Observou-se que, a cada 100 minutos de reação, a concentração de sacarose foi reduzida à metade, qualquer que fosse o momento escolhido como tempo inicial. As massas molares dos elementos H, C e O são iguais a 1, 12 e 16 gramas por mol, respectivamente . Qual é a concentração de sacarose, em mol por litro, depois de 400 minutos do início da reação de hidrólise?","2,50 vezes 10 elevado a menos 3.","6,25 vezes 10 elevado a menos 2.","1,25 vezes 10 elevado a menos 1.","2,50 vezes 10 elevado a menos 1.","4,27 vezes 10 elevado a menos 1.",2020,117,CN,B,portuguese
QUESTÃO 118,"Grandes reservatórios de óleo leve de melhor qualidade e que produz petróleo mais fino foram descobertos no litoral brasileiro numa camada denominada pré-sal, formada há 150 milhões de anos. A utilização desse recurso energético acarreta para o ambiente um desequilíbrio no ciclo do","nitrogênio, devido à nitrificação ambiental transformando amônia em nitrito.","nitrogênio, devido ao aumento dos compostos nitrogenados no ambiente terrestre.","carbono, devido ao aumento dos carbonatos dissolvidos no ambiente marinho.","carbono, devido à liberação das cadeias carbônicas aprisionadas abaixo dos sedimentos.","fósforo, devido à liberação dos fosfatos acumulados no ambiente marinho.",2020,118,CN,D,portuguese
QUESTÃO 119,"Em uma usina geradora de energia elétrica, seja através de uma queda-d’água ou através de vapor sob pressão, as pás do gerador são postas a girar. O movimento relativo de um ímã em relação a um conjunto de bobinas produz um fluxo magnético variável através delas, gerando uma diferença de potencial em seus terminais. Durante o funcionamento de um dos geradores, o operador da usina percebeu que houve um aumento inesperado da diferença de potencial elétrico nos terminais das bobinas. Nessa situação, o aumento do módulo da diferença de potencial obtida nos terminais das bobinas resulta do aumento do(a)","intervalo de tempo em que as bobinas ficam imersas no campo magnético externo, por meio de uma diminuição de velocidade no eixo de rotação do gerador.","fluxo magnético através das bobinas, por meio de um aumento em sua área interna exposta ao campo magnético aplicado.","intensidade do campo magnético no qual as bobinas estão imersas, por meio de aplicação de campos magnéticos mais intensos.","rapidez com que o fluxo magnético varia através das bobinas, por meio de um aumento em sua velocidade angular.","resistência interna do condutor que constitui as bobinas, por meio de um aumento na espessura dos terminais.",2020,119,CN,D,portuguese
QUESTÃO 120,"A obtenção de óleos vegetais, de maneira geral, passa pelas etapas descritas no quadro. Descrição do quadro:  Quadro com as etapas e subetapas do processo de obtenção de óleos vegetais e as respectivas descrições do que ocorre em cada subetapa. A etapa de Preparação da matéria-prima envolve quatro subetapas. Na subetapa Seleção dos grãos ocorre a separação das sujidades mais grossas. Na subetapa Descascamento ocorre a separação de polpa e casca. Na subetapa Trituração ocorre o rompimento dos tecidos e das paredes das células. Na subetapa Cozimento ocorre o aumento da permeabilidade das membranas celulares. A etapa Extração do óleo bruto envolve três subetapas. Na subetapa Prensagem ocorre a remoção parcial do óleo. Na subetapa Extração obtém-se o óleo bruto com hexano. Na subetapa Destilação ocorre a separação do óleo e do solvente. Qual das subetapas do processo é realizada em função apenas da polaridade das substâncias?",Trituração.,Cozimento.,Prensagem.,Extração.,Destilação.,2020,120,CN,D,portuguese
QUESTÃO 121,"O dióxido de carbono passa para o estado sólido (gelo seco) a menos 78 graus Celsius e retorna ao estado gasoso à temperatura ambiente. O gás é facilmente solubilizado em água, capaz de absorver radiação infravermelha da superfície da Terra e não conduz eletricidade. Ele é utilizado como matéria-prima para a fotossíntese até o limite de saturação. Após a fixação pelos organismos autotróficos, o gás retorna ao meio ambiente pela respiração aeróbica, fermentação, decomposição ou por resíduos industriais, queima de combustíveis fósseis e queimadas. Apesar da sua importância ecológica, seu excesso causa perturbações no equilíbrio ambiental. Considerando as propriedades descritas, o aumento atmosférico da substância afetará os organismos aquáticos em razão da",redução do potencial hidrogeniônico da água.,restrição da aerobiose pelo excesso de poluentes.,diminuição da emissão de oxigênio pelos autótrofos.,limitação de transferência de energia entre os seres vivos.,retração dos oceanos pelo congelamento do gás nos polos.,2020,121,CN,A,portuguese
QUESTÃO 122,"Grupos de proteção ao meio ambiente conseguem resgatar muitas aves aquáticas vítimas de vazamentos de petróleo. Essas aves são lavadas com água e detergente neutro para a retirada completa do óleo de seu corpo e, posteriormente, são aquecidas, medicadas, desintoxicadas e alimentadas. Mesmo após esses cuidados, o retorno ao ambiente não pode ser imediato, pois elas precisam recuperar a capacidade de flutuação. Para flutuar, essas aves precisam",recuperar o tônus muscular.,restaurar a massa corporal.,substituir as penas danificadas.,restabelecer a capacidade de homeotermia.,refazer a camada de cera impermeabilizante das penas.,2020,122,CN,E,portuguese
QUESTÃO 123,"Um estudante tem uma fonte de tensão com corrente contínua que opera em tensão fixa de 12 volts. Como precisa alimentar equipamentos que operam em tensões menores, ele emprega quatro resistores de 100 ohms para construir um divisor de tensão. Obtém-se este divisor associando os resistores, como exibido na figura. Os aparelhos podem ser ligados entre os pontos A, B, C, D e E, dependendo da tensão especificada. Descrição da figura: Circuito elétrico com uma fonte de corrente contínua de tensão igual a 12 volts em uma única malha com quatro resistores em série, cada um de resistência igual 100 ohms. O polo positivo da fonte está conectado ao ponto A. Entre os pontos A e B, encontra-se o primeiro resistor. Entre os pontos B e C, encontra-se o segundo resistor. Entre os pontos C e D, encontra-se o terceiro resistor. Entre os pontos D e E, encontra-se o quarto resistor. O ponto E está conectado ao polo negativo da fonte. Ele tem um equipamento que opera em 9,0 volts com uma resistência interna de 10 quilo-ohms . Entre quais pontos do divisor de tensão esse equipamento deve ser ligado para funcionar corretamente e qual será o valor da intensidade da corrente nele estabelecida?",Entre A e C; 30 miliampères .,Entre B e E; 30 miliampères .,"Entre A e D; 1,2 miliampère .","Entre B e E; 0,9 miliampère","Entre A e E; 0,9 miliampère .",2020,123,CN,D,portuguese
QUESTÃO 124,"Pesquisadores dos Estados Unidos desenvolveram uma nova técnica, que utiliza raios de luz infravermelha para destruir tumores. Primeiramente, o paciente recebe uma injeção com versões modificadas de anticorpos que têm a capacidade de, abre aspas, grudar, fecha aspas,  apenas nas células cancerosas. Sozinhos, eles não fazem nada contra o tumor. Entretanto, esses anticorpos estão ligados a uma molécula, denominada IR700, que funcionará como uma, abre aspas, microbomba, fecha aspas, que irá destruir o câncer. Em seguida, o paciente recebe raios infravermelhos. Esses raios penetram no corpo e chegam até a molécula IR700, que é ativada e libera uma substância que ataca a célula cancerosa. Com base nas etapas de desenvolvimento, o nome apropriado para a técnica descrita é:",Radioterapia.,Cromoterapia.,Quimioterapia.,Fotoimunoterapia.,Terapia magnética.,2020,124,CN,D,portuguese
QUESTÃO 125,"Aranhas, escorpiões, carrapatos e ácaros são representantes da classe dos Aracnídeos. Esses animais são terrestres em sua grande maioria e ocupam os mais variados hábitats, tais como montanhas altas, pântanos, desertos e solos arenosos. Podem ter sido os primeiros representantes do filo Arthropoda a habitar a terra seca. A característica que justifica o sucesso adaptativo desse grupo na ocupação do ambiente terrestre é a presença d e",quelíceras e pedipalpos que coordenam o movimento corporal.,excreção de ácido úrico que confere estabilidade ao pH corporal.,exoesqueleto constituído de quitina que auxilia no controle hídrico corporal.,circulação sanguínea aberta que impede a desidratação dos tecidos corporais.,sistema nervoso ganglionar que promove a coordenação central do movimento corporal.,2020,125,CN,C,portuguese
QUESTÃO 126,"Você foi contratado para sincronizar os quatro semáforos sucessivos de uma avenida, indicados pelas letras O, A, B e C, respectivamente . Os semáforos sucessivos estão separados por uma distância de 500 metros . Segundo os dados estatísticos da companhia controladora de trânsito, um veículo, que está inicialmente parado no semáforo O, tipicamente parte com aceleração constante de 1 metro por segundo ao quadrado até atingir a velocidade de 72 quilômetros por hora e, a partir daí, prossegue com velocidade constante. Você deve ajustar os semáforos A, B e C de modo que eles mudem para a cor verde quando o veículo estiver a 100 metros de cruzá-los, para que ele não tenha que reduzir a velocidade em nenhum momento. Considerando essas condições, aproximadamente quanto tempo depois da abertura do semáforo O os semáforos A, B e C devem abrir, respectivamente?","20 segundos , 45 segundos e 70 segundos .","25 segundos , 50 segundos e 75 segundos .","28 segundos , 42 segundos e 53 segundos .","30 segundos , 55 segundos e 80 segundos .","35 segundos , 60 segundos e 85 segundos .",2020,126,CN,D,portuguese
QUESTÃO 127,"Nos dias atuais, o amplo uso de objetos de plástico gera bastante lixo, que muitas vezes é eliminado pela população por meio da queima. Esse procedimento é prejudicial ao meio ambiente por lançar substâncias poluentes. Para constatar esse problema, um estudante analisou a decomposição térmica do policloreto de vinila (PVC) um tipo de plástico, cuja estrutura é representada na figura. Para realizar esse experimento, o estudante colocou uma amostra de filme de PVC em um tubo de ensaio e o aqueceu, promovendo a decomposição térmica. Houve a liberação majoritária de um gás diatômico heteronuclear que foi recolhido em um recipiente acoplado ao tubo de ensaio. Esse gás, quando borbulhado em solução alcalina diluída contendo indicador ácido-base, alterou a cor da solução. Além disso, em contato com uma solução aquosa de carbonato de sódio (Na2CO3) liberou gás carbônico. Descrição da figura da estrutura química do policloreto de vinila: a unidade de repetição do policloreto de vinila (PVC) contém um átomo de carbono ligado a dois átomos de hidrogênio e a um outro átomo de carbono, que, por sua vez, está ligado a um átomo de hidrogênio e a um átomo de cloro. Essa unidade de repetição ocorre n vezes. Qual foi o gás liberado majoritariamente na decomposição térmica desse tipo de plástico?",H2,Cl2,CO,CO2,HCl,2020,127,CN,E,portuguese
QUESTÃO 128,"Uma população (momento A) sofre isolamento em duas subpopulações (momento B) por um fator de isolamento I. Passado um tempo, essas subpopulações apresentam características fenotípicas e genotípicas que as distinguem (momento C) representadas na figura pelas tonalidades de cor. O posterior desaparecimento do fator de isolamento I pode levar, no momento D, às situações D1 e D2. D1: As populações que estavam separadas no momento anterior agora estão representadas unidas, e por cores distintas, uma porção branca e outra cinza. D2: As populações que estavam separadas no momento anterior agora estão representadas unidas e ambas têm uma tonalidade cinza intermediária.  A representação indica que, no momento D, na situação",D1 ocorre um novo fator de isolamento geográfico.,D1 existe uma única população distribuída em gradiente.,D1 ocorrem duas populações separadas por isolamento reprodutivo.,D2 coexistem duas populações com características fenotípicas distintas.,"D2 foram preservadas as mesmas características fenotípicas da população original A. Descrição da figura : A figura mostra as características de duas subpopulações numa linha temporal. No momento C, em que as características se mostram distintas, uma subpopulação é representada pela cor branca e a outra pela cor cinza. Após o desaparecimento do fator de isolamento I, tem-se duas situações no momento D, sendo:",2020,128,CN,C,portuguese
QUESTÃO 129,"Na indústria farmacêutica, é muito comum o emprego de substâncias de revestimento em medicamentos de uso oral, pois trazem uma série de benefícios como alteração de sabor em medicamentos que tenham gosto ruim, melhoria da assimilação do composto, entre outras ações. Alguns compostos poliméricos à base do polissacarídeo celulose são utilizados para garantir que o fármaco somente seja liberado quando em contato com soluções aquosas cujo pH se encontre próximo da faixa da neutralidade. Qual é a finalidade do uso desse revestimento à base de celulose?",Diminuir a absorção do princípio ativo no intestino.,Impedir que o fármaco seja solubilizado no intestino.,Garantir que o fármaco não seja afetado pelas secreções gástricas.,Permitir a liberação do princípio ativo pela ação das amilases salivares.,Facilitar a liberação do fármaco pela ação dos sais biliares sobre o revestimento.,2020,129,CN,C,portuguese
QUESTÃO 130,"As panelas de pressão reduzem o tempo de cozimento dos alimentos por elevar a temperatura de ebulição da água. Os usuários conhecedores do utensílio normalmente abaixam a intensidade do fogo em panelas de pressão após estas iniciarem a saída dos vapores. Ao abaixar o fogo, reduz-se a chama, pois assim evita-se o(a)",aumento da pressão interna e os riscos de explosão.,dilatação da panela e a desconexão com sua tampa.,perda da qualidade nutritiva do alimento.,deformação da borracha de vedação.,consumo de gás desnecessário.,2020,130,CN,E,portuguese
QUESTÃO 131,"A nanotecnologia pode ser caracterizada quando os compostos estão na ordem de milionésimos de milímetros, como na utilização de nanomateriais catalíticos nos processos industriais. O uso desses materiais aumenta a eficiência da produção, consome menos energia e gera menores quantidades de resíduos. O sucesso dessa aplicação tecnológica muitas vezes está relacionado ao aumento da velocidade da reação química envolvida. O êxito da aplicação dessa tecnologia é por causa da realização de reações químicas que ocorrem em condições de",alta pressão.,alta temperatura.,excesso de reagentes.,maior superfície de contato.,elevada energia de ativação.,2020,131,CN,D,portuguese
QUESTÃO 132,"Os fones de ouvido tradicionais transmitem a música diretamente para os nossos ouvidos. Já os modelos dotados de tecnologia redutora de ruído, Cancelamento de Ruído, além de transmitirem música, também reduzem todo ruído inconsistente à nossa volta, como o barulho de turbinas de avião e aspiradores de pó. Os fones de ouvido Cancelamento de Ruído não reduzem realmente barulhos irregulares como discursos e choros de bebês. Mesmo assim, a supressão do ronco das turbinas do avião contribui para reduzir a, abre aspas, fadiga de ruído, fecha aspas, um cansaço persistente provocado pela exposição a um barulho alto por horas a fio. Esses aparelhos também permitem que nós ouçamos músicas ou assistamos a vídeos no trem ou no avião a um volume muito menor e mais seguro. A tecnologia redutora de ruído utilizada na produção de fones de ouvido baseia-se em qual fenômeno ondulatório?",Absorção.,Interferência.,Polarização.,Reflexão.,Difração.,2020,132,CN,B,portuguese
QUESTÃO 133,"Para garantir que produtos eletrônicos estejam armazenados de forma adequada antes da venda, algumas empresas utilizam cartões indicadores de umidade nas embalagens desses produtos. Alguns desses cartões contêm um sal de cobalto que muda de cor em presença de água, de acordo com a equação química: Descrição da equação química: Os reagentes CoCl2 (sólido azul) mais 6 H2O (gasoso) formam, em equilíbrio químico, o produto CoCl2.6H2O (sólido rosa) com um delta H (variação de entalpia) menor que zero. Como você procederia para reutilizar, num curto intervalo de tempo, um cartão que já estivesse com a coloração rosa?",Resfriaria no congelador.,Borrifaria com spray de água.,Envolveria com papel alumínio.,Aqueceria com secador de cabelos.,Embrulharia em guardanapo de papel.,2020,133,CN,D,portuguese
QUESTÃO 134,"Descrição da tirinha: Tirinha composta de três quadrinhos. No primeiro quadrinho, temos apresentada as pernas de um homem e um gato se aproximando delas. No segundo quadrinho, o gato está se esfregando nas pernas do homem e emite o seguinte som: PURRR. No terceiro quadrinho, temos apenas o gato com todos os pelos do corpo arrepiados, e no balão temos o pensamento dele: EU ODEIO ELETRICIDADE ESTÁTICA. Por qual motivo ocorre a eletrização ilustrada na tirinha?",Troca de átomos entre a calça e os pelos do gato.,Diminuição do número de prótons nos pelos do gato.,Criação de novas partículas eletrizadas nos pelos do gato.,Movimentação de elétrons entre a calça e os pelos do gato.,Repulsão entre partículas elétricas da calça e dos pelos do gato.,2020,134,CN,D,portuguese
QUESTÃO 135,"A enorme quantidade de resíduos gerados pelo consumo crescente da sociedade traz para a humanidade uma preocupação socioambiental, em especial pela quantidade de lixo produzido. Além da reciclagem e do reúso, pode-se melhorar ainda mais a qualidade de vida, substituindo polímeros convencionais por polímeros biodegradáveis. Esses polímeros têm grandes vantagens socioambientais em relação aos convencionais porque",não são tóxicos.,não precisam ser reciclados.,não causam poluição ambiental quando descartados.,são degradados em um tempo bastante menor que os convencionais.,apresentam propriedades mecânicas semelhantes aos convencionais.,2020,135,CN,D,portuguese
