question,body,A,B,C,D,E,year,question_number,test,answer,language,CO_HABILIDADE,NU_PARAM_A,NU_PARAM_B,NU_PARAM_C,CO_PROVA
QUESTÃO 01,"De acordo com o sociólogo Antony Giddens: Ao longo das três últimas décadas, houve uma explosão de movimentos sociais pelo mundo. Essa diversidade de movimentos — que vão desde os movimentos por direitos civis e os movimentos feministas dos anos de 1960 e 1970, até os movimentos antinucleares e ecológicos dos anos de 1980 e a campanha pelos direitos homossexuais da década de 1990 — é normalmente denominado pelos comentadores do tema como novos movimentos sociais. Uma explicação para a expansão dos chamados novos movimentos sociais nas últimas três décadas é a","fragilidade das redes globais comunicacionais, como internet e telefonia.","garantia dos direitos sociais constitucionais, como educação e previdência.","crise das organizações representativas tradicionais, como partidos e sindicatos.","instabilidade das instituições políticas democráticas, como eleições e parlamentos.","consolidação das corporações transnacionais monopolistas, como petrolíferas e mineradoras.",2013,1,CH,C,portuguese,6.0,1.9576,1.0743,0.151,187
QUESTÃO 01,"De acordo com o sociólogo Antony Giddens: Ao longo das três últimas décadas, houve uma explosão de movimentos sociais pelo mundo. Essa diversidade de movimentos — que vão desde os movimentos por direitos civis e os movimentos feministas dos anos de 1960 e 1970, até os movimentos antinucleares e ecológicos dos anos de 1980 e a campanha pelos direitos homossexuais da década de 1990 — é normalmente denominado pelos comentadores do tema como novos movimentos sociais. Uma explicação para a expansão dos chamados novos movimentos sociais nas últimas três décadas é a","fragilidade das redes globais comunicacionais, como internet e telefonia.","garantia dos direitos sociais constitucionais, como educação e previdência.","crise das organizações representativas tradicionais, como partidos e sindicatos.","instabilidade das instituições políticas democráticas, como eleições e parlamentos.","consolidação das corporações transnacionais monopolistas, como petrolíferas e mineradoras.",2013,1,CH,C,portuguese,,2.58267,2.31294,0.155,187
QUESTÃO 02,"A Inglaterra deve governar o mundo porque é a melhor; o poder deve ser usado; seus concorrentes imperiais não são dignos; suas colônias devem crescer, prosperar e continuar ligadas a ela. Somos dominantes, porque temos o poder (industrial, tecnológico, militar, moral), e elas não; elas são inferiores; nós, superiores, e assim por diante. O texto reproduz argumentos utilizados pelas potências europeias para dominação de regiões na África e na Ásia, a partir de 1870. Tais argumentos justificavam suas ações imperialistas, concebendo-as como parte de uma",cruzada religiosa.,catequese cristã.,missão civilizatória.,expansão comercial ultramarina.,política exterior multiculturalista.,2013,2,CH,D,portuguese,27.0,1.4971,1.0279,0.2497,187
QUESTÃO 02,"A Inglaterra deve governar o mundo porque é a melhor; o poder deve ser usado; seus concorrentes imperiais não são dignos; suas colônias devem crescer, prosperar e continuar ligadas a ela. Somos dominantes, porque temos o poder (industrial, tecnológico, militar, moral), e elas não; elas são inferiores; nós, superiores, e assim por diante. O texto reproduz argumentos utilizados pelas potências europeias para dominação de regiões na África e na Ásia, a partir de 1870. Tais argumentos justificavam suas ações imperialistas, concebendo-as como parte de uma",cruzada religiosa.,catequese cristã.,missão civilizatória.,expansão comercial ultramarina.,política exterior multiculturalista.,2013,2,CH,D,portuguese,,2.49001,1.39045,0.2176,187
QUESTÃO 03,"Embora o aspecto mais óbvio da Guerra Fria fosse o confronto militar e a cada vez mais frenética corrida armamentista, não foi esse o seu grande impacto. As armas nucleares nunca foram usadas. Muito mais óbvias foram as consequências políticas da Guerra Fria. O conflito entre as superpotências teve sua expressão emblemática no(a)",formação do mundo bipolar.,aceleração da integração regional.,eliminação dos regimes autoritários.,difusão do fundamentalismo islâmico.,enfraquecimento dos movimentos nacionalistas.,2013,3,CH,E,portuguese,5.0,0.3912,2.7515,0.0129,187
QUESTÃO 03,"Embora o aspecto mais óbvio da Guerra Fria fosse o confronto militar e a cada vez mais frenética corrida armamentista, não foi esse o seu grande impacto. As armas nucleares nunca foram usadas. Muito mais óbvias foram as consequências políticas da Guerra Fria. O conflito entre as superpotências teve sua expressão emblemática no(a)",formação do mundo bipolar.,aceleração da integração regional.,eliminação dos regimes autoritários.,difusão do fundamentalismo islâmico.,enfraquecimento dos movimentos nacionalistas.,2013,3,CH,E,portuguese,,4.30823,0.54396,0.30691,187
QUESTÃO 04,"Descrição da imagem: Fotografia de um avião atacando os prédios conhecidos como Torres Gêmeas, quando uma delas já está em chamas, na cidade de Nova Iorque. Os eventos ocorridos no dia 11 de setembro de 2001 geraram mudanças sociais nos Estados Unidos, que",ampliaram o isolacionismo e autossuficiência da economia norte-americana.,mitigaram o patriotismo e os laços familiares em razão das mortes causadas.,atenuaram o xenofobismo e a tensão política entre os países do Oriente e Ocidente.,aumentaram o preconceito contra os indivíduos de origem árabe e religião islâmica.,diminuíram a popularidade e legitimidade imediata do chefe de Estado para lidar com o evento.,2013,4,CH,A,portuguese,,2.563,1.381,0.312,187
QUESTÃO 04,"Descrição da imagem: Fotografia de um avião atacando os prédios conhecidos como Torres Gêmeas, quando uma delas já está em chamas, na cidade de Nova Iorque. Os eventos ocorridos no dia 11 de setembro de 2001 geraram mudanças sociais nos Estados Unidos, que",ampliaram o isolacionismo e autossuficiência da economia norte-americana.,mitigaram o patriotismo e os laços familiares em razão das mortes causadas.,atenuaram o xenofobismo e a tensão política entre os países do Oriente e Ocidente.,aumentaram o preconceito contra os indivíduos de origem árabe e religião islâmica.,diminuíram a popularidade e legitimidade imediata do chefe de Estado para lidar com o evento.,2013,4,CH,A,portuguese,4.0,1.2233,0.9949,0.1721,187
QUESTÃO 05,"Hobbes realiza o esforço supremo de atribuir ao contrato uma soberania absoluta e indivisível. Ensina que, por um único e mesmo ato, os homens naturais constituem-se em sociedade política e submetem-se a um senhor, a um soberano. Não firmam contrato com esse senhor, mas entre si . É entre si que renunciam, em proveito desse senhor, a todo o direito e toda liberdade nocivos à paz. A proposta de organização da sociedade apresentada no texto encontra-se fundamentada na",imposição das leis e na respeitabilidade ao soberano.,abdicação dos interesses individuais e na legitimidade do governo.,alteração dos direitos civis e na representatividade do monarca.,cooperação dos súditos e na legalidade do poder democrático.,mobilização do povo e na autoridade do parlamento.,2013,5,CH,B,portuguese,11.0,2.089,0.7645,0.1256,187
QUESTÃO 05,"Hobbes realiza o esforço supremo de atribuir ao contrato uma soberania absoluta e indivisível. Ensina que, por um único e mesmo ato, os homens naturais constituem-se em sociedade política e submetem-se a um senhor, a um soberano. Não firmam contrato com esse senhor, mas entre si . É entre si que renunciam, em proveito desse senhor, a todo o direito e toda liberdade nocivos à paz. A proposta de organização da sociedade apresentada no texto encontra-se fundamentada na",imposição das leis e na respeitabilidade ao soberano.,abdicação dos interesses individuais e na legitimidade do governo.,alteração dos direitos civis e na representatividade do monarca.,cooperação dos súditos e na legalidade do poder democrático.,mobilização do povo e na autoridade do parlamento.,2013,5,CH,B,portuguese,,3.3936,1.04061,0.17655,187
QUESTÃO 06,"Há dois pilares para a concepção multilateral de justiça: a ideia de que a relação entre Estados é baseada na igualdade jurídica e a noção de que a Carta da ONU deveria promover os direitos humanos e o progresso social. Do primeiro pilar derivam as normas de não intervenção, de respeito à integridade territorial e de não ingerência. São as normas que garantem as condições dos processos deliberativos justos entre iguais. Nessa concepção de justiça, o cumprimento das normas jurídicas mencionadas é a condição indispensável para a efetivação do seguinte aspecto político:",Voto censitário.,Sufrágio universal.,Soberania nacional.,Nacionalismo separatista.,Governo presidencialista.,2013,6,CH,C,portuguese,15.0,0.2097,7.3295,0.0435,187
QUESTÃO 06,"Há dois pilares para a concepção multilateral de justiça: a ideia de que a relação entre Estados é baseada na igualdade jurídica e a noção de que a Carta da ONU deveria promover os direitos humanos e o progresso social. Do primeiro pilar derivam as normas de não intervenção, de respeito à integridade territorial e de não ingerência. São as normas que garantem as condições dos processos deliberativos justos entre iguais. Nessa concepção de justiça, o cumprimento das normas jurídicas mencionadas é a condição indispensável para a efetivação do seguinte aspecto político:",Voto censitário.,Sufrágio universal.,Soberania nacional.,Nacionalismo separatista.,Governo presidencialista.,2013,6,CH,C,portuguese,,2.34759,1.9415,0.21678,187
QUESTÃO 07,"TEXTO I O aparecimento da máquina movida a vapor foi o nascimento do sistema fabril em grande escala, representando um aumento tremendo na produção, abrindo caminho na direção dos lucros, resultado do aumento da procura. Eram forças abrindo um novo mundo. TEXTO II Os edifícios das fábricas adaptavam-se mal à concentração de numerosa mão de obra, reunida para longos dias de trabalho, numa situação árdua e insalubre. O trabalho nas fábricas destruiu o sistema doméstico de produção. Homens, mulheres e crianças deixavam os lugares onde moravam para trabalhar em diferentes fábricas. As estratégias empregadas pelos textos para abordar o impacto da Revolução Industrial sobre as sociedades que se industrializavam são, respectivamente,",ressaltar a expansão tecnológica e deter-se no trabalho doméstico.,acentuar as inovações tecnológicas e priorizar as mudanças no mundo do trabalho.,debater as consequências sociais e valorizar a reorganização do trabalho.,indicar os ganhos sociais e realçar as perdas culturais.,minimizar as transformações sociais e criticar os avanços tecnológicos.,2013,7,CH,D,portuguese,6.0,2.855,1.5336,0.2171,187
QUESTÃO 07,"TEXTO I O aparecimento da máquina movida a vapor foi o nascimento do sistema fabril em grande escala, representando um aumento tremendo na produção, abrindo caminho na direção dos lucros, resultado do aumento da procura. Eram forças abrindo um novo mundo. TEXTO II Os edifícios das fábricas adaptavam-se mal à concentração de numerosa mão de obra, reunida para longos dias de trabalho, numa situação árdua e insalubre. O trabalho nas fábricas destruiu o sistema doméstico de produção. Homens, mulheres e crianças deixavam os lugares onde moravam para trabalhar em diferentes fábricas. As estratégias empregadas pelos textos para abordar o impacto da Revolução Industrial sobre as sociedades que se industrializavam são, respectivamente,",ressaltar a expansão tecnológica e deter-se no trabalho doméstico.,acentuar as inovações tecnológicas e priorizar as mudanças no mundo do trabalho.,debater as consequências sociais e valorizar a reorganização do trabalho.,indicar os ganhos sociais e realçar as perdas culturais.,minimizar as transformações sociais e criticar os avanços tecnológicos.,2013,7,CH,D,portuguese,,1.27556,1.3005,0.21707,187
QUESTÃO 08,"Do outro lado do Atlântico, a coisa é bem diferente. A classe média europeia não está acostumada com a moleza. Toda pessoa normal que se preze esfria a barriga no tanque e a esquenta no fogão, caminha até a padaria para comprar o seu próprio pão e enche o tanque de gasolina com as próprias mãos. A diferença entre os costumes assinalados no texto e os da classe média brasileira é consequência da ocorrência no Brasil de","automação do trabalho nas fábricas, relacionada à expansão tecnológica.","ampliação da oferta de empregos, vinculada à concessão de direitos sociais.","abertura do mercado nacional, associada à modernização conservadora.","oferta de mão de obra barata, conjugada à herança patriarcal.","consolidação da estabilidade econômica, ligada à industrialização acelerada.",2013,8,CH,D,portuguese,,2.27561,1.0887,0.1652,187
QUESTÃO 08,"Do outro lado do Atlântico, a coisa é bem diferente. A classe média europeia não está acostumada com a moleza. Toda pessoa normal que se preze esfria a barriga no tanque e a esquenta no fogão, caminha até a padaria para comprar o seu próprio pão e enche o tanque de gasolina com as próprias mãos. A diferença entre os costumes assinalados no texto e os da classe média brasileira é consequência da ocorrência no Brasil de","automação do trabalho nas fábricas, relacionada à expansão tecnológica.","ampliação da oferta de empregos, vinculada à concessão de direitos sociais.","abertura do mercado nacional, associada à modernização conservadora.","oferta de mão de obra barata, conjugada à herança patriarcal.","consolidação da estabilidade econômica, ligada à industrialização acelerada.",2013,8,CH,D,portuguese,13.0,1.2328,0.9407,0.2481,187
QUESTÃO 09,"Classes sociais no Brasil (2005-2010) Descrição da imagem: O gráfico I, referente a 2005, no formato de uma pirâmide, registra a população total de 182 060 108 e expressa os seguintes dados: • Classes AB: 26 421 milhões (15%); • Classe C: 62 702 milhões (34%); • Classes DE: 92 936 milhões (51%). O gráfico II, referente a 2010, no formato de um losango, registra a população total de 191 795 854 e expressa os seguintes dados: • Classes AB: 42 195 milhões (22%); • Classe C: 101 651 milhões (53%); • Classes DE: 47 948 milhões (25%). A mudança na distribuição das classes de 2005 a 2010 implicou uma expressiva alteração no formato do primeiro para o segundo gráfico. Um processo associado a essa mudança está indicado no(a)",expansão do mercado interno.,concentração da renda nacional.,persistência da crise internacional.,crescimento demográfico acelerado.,fracasso das políticas redistributivas.,2013,9,CH,B,portuguese,,1.65356,0.90927,0.15109,187
QUESTÃO 09,"Classes sociais no Brasil (2005-2010) Descrição da imagem: O gráfico I, referente a 2005, no formato de uma pirâmide, registra a população total de 182 060 108 e expressa os seguintes dados: • Classes AB: 26 421 milhões (15%); • Classe C: 62 702 milhões (34%); • Classes DE: 92 936 milhões (51%). O gráfico II, referente a 2010, no formato de um losango, registra a população total de 191 795 854 e expressa os seguintes dados: • Classes AB: 42 195 milhões (22%); • Classe C: 101 651 milhões (53%); • Classes DE: 47 948 milhões (25%). A mudança na distribuição das classes de 2005 a 2010 implicou uma expressiva alteração no formato do primeiro para o segundo gráfico. Um processo associado a essa mudança está indicado no(a)",expansão do mercado interno.,concentração da renda nacional.,persistência da crise internacional.,crescimento demográfico acelerado.,fracasso das políticas redistributivas.,2013,9,CH,B,portuguese,18.0,1.2593,0.2925,0.1875,187
QUESTÃO 10,"Ninguém vive sem ocupar espaço, sem respirar, sem alimentar-se, sem ter um teto para abrigar-se e, na Modernidade, sem o que se incorporou na vida cotidiana: luz, telefone, televisão, rádio, refrigeração dos alimentos etc. A humanidade não vive sem ocupar espaço, sem utilizar-se cada vez mais intensamente das riquezas naturais que são apropriadas privadamente. O texto defende que duas mudanças provocadas pela ação humana na Modernidade são o(a)",alteração no modo de vida das comunidades e a delimitação dos problemas ambientais em escala local.,surgimento de novas formas de apropriação dos territórios e a utilização pública dos recursos naturais.,incorporação de novas tecnologias no processo produtivo e a aceleração dos problemas ambientais.,aumento do consumo de bens e mercadorias e a utilização de mão de obra nas unidades produtivas.,esgotamento das reservas naturais e a desaceleração da produção de bens de consumo humano.,2013,10,CH,B,portuguese,23.0,1.9098,-0.2948,0.021,187
QUESTÃO 10,"Ninguém vive sem ocupar espaço, sem respirar, sem alimentar-se, sem ter um teto para abrigar-se e, na Modernidade, sem o que se incorporou na vida cotidiana: luz, telefone, televisão, rádio, refrigeração dos alimentos etc. A humanidade não vive sem ocupar espaço, sem utilizar-se cada vez mais intensamente das riquezas naturais que são apropriadas privadamente. O texto defende que duas mudanças provocadas pela ação humana na Modernidade são o(a)",alteração no modo de vida das comunidades e a delimitação dos problemas ambientais em escala local.,surgimento de novas formas de apropriação dos territórios e a utilização pública dos recursos naturais.,incorporação de novas tecnologias no processo produtivo e a aceleração dos problemas ambientais.,aumento do consumo de bens e mercadorias e a utilização de mão de obra nas unidades produtivas.,esgotamento das reservas naturais e a desaceleração da produção de bens de consumo humano.,2013,10,CH,B,portuguese,,0.9858,0.8055,0.17618,187
QUESTÃO 11,"O papel da Organização do Tratado do Atlântico Norte (Otan) alterou-se desde sua origem em 1949. A Otan é uma aliança militar que se funda sobre um tratado de segurança coletiva, o qual, por sua vez, indica a criação de uma organização internacional com o objetivo de manter a democracia, a paz e a segurança dos seus integrantes. No começo dos anos de 1990, em função dos conflitos nos Bálcãs, a Otan declarou que a instabilidade na Europa Central afetava diretamente a segurança dos seus membros. Foi então iniciada a primeira operação militar fora do território dos países-membros. Desde então ela expandiu sua área de interesse para África, Oriente Médio e Ásia. Os objetivos dessa organização, nos diferentes períodos descritos, são, respectivamente:",Financiar a indústria bélica – garantir atuação global.,Conter a expansão socialista – realizar ataques preventivos.,Combater a ameaça soviética – promover auxílio humanitário.,Minimizar a influência estadunidense – apoiar organismos multilaterais.,Reconstruir o continente devastado – assegurar estabilidade geopolítica.,2013,11,CH,B,portuguese,11.0,3.4566,1.3434,0.1485,187
QUESTÃO 11,"O papel da Organização do Tratado do Atlântico Norte (Otan) alterou-se desde sua origem em 1949. A Otan é uma aliança militar que se funda sobre um tratado de segurança coletiva, o qual, por sua vez, indica a criação de uma organização internacional com o objetivo de manter a democracia, a paz e a segurança dos seus integrantes. No começo dos anos de 1990, em função dos conflitos nos Bálcãs, a Otan declarou que a instabilidade na Europa Central afetava diretamente a segurança dos seus membros. Foi então iniciada a primeira operação militar fora do território dos países-membros. Desde então ela expandiu sua área de interesse para África, Oriente Médio e Ásia. Os objetivos dessa organização, nos diferentes períodos descritos, são, respectivamente:",Financiar a indústria bélica – garantir atuação global.,Conter a expansão socialista – realizar ataques preventivos.,Combater a ameaça soviética – promover auxílio humanitário.,Minimizar a influência estadunidense – apoiar organismos multilaterais.,Reconstruir o continente devastado – assegurar estabilidade geopolítica.,2013,11,CH,B,portuguese,,3.05634,1.77806,0.17291,187
QUESTÃO 12,"Depois de dez anos de aparente imobilidade, 77 950 operários estavam em greve em São Bernardo, Santo André, São Caetano e Diadema — o chamado ABCD, coração industrial do país. Em todas as fábricas, os operários cruzaram os braços em silêncio. Apanhado de surpresa, o governo militar ficou por algum tempo sem ação. Os empregadores, por sua vez, sofriam sérios prejuízos a cada dia de greve. O movimento sindical, em fins dos anos 1970, começou a se rearticular e a patrocinar greves de significativa repercussão. Essas greves aconteceram em um contexto político-institucional de",revogação da negociação coletiva entre patrões e empregados.,afirmação dos direitos individuais por parte de minorias.,suspensão da legislação trabalhista forjada durante a Era Vargas.,limitação à liberdade das organizações sindicais e populares.,discordância dos empresários com as políticas industriais.,2013,12,CH,C,portuguese,3.0,1.314,1.8406,0.239,187
QUESTÃO 12,"Depois de dez anos de aparente imobilidade, 77 950 operários estavam em greve em São Bernardo, Santo André, São Caetano e Diadema — o chamado ABCD, coração industrial do país. Em todas as fábricas, os operários cruzaram os braços em silêncio. Apanhado de surpresa, o governo militar ficou por algum tempo sem ação. Os empregadores, por sua vez, sofriam sérios prejuízos a cada dia de greve. O movimento sindical, em fins dos anos 1970, começou a se rearticular e a patrocinar greves de significativa repercussão. Essas greves aconteceram em um contexto político-institucional de",revogação da negociação coletiva entre patrões e empregados.,afirmação dos direitos individuais por parte de minorias.,suspensão da legislação trabalhista forjada durante a Era Vargas.,limitação à liberdade das organizações sindicais e populares.,discordância dos empresários com as políticas industriais.,2013,12,CH,C,portuguese,,4.52143,1.3408,0.14908,187
QUESTÃO 13,"Fronteira. Condição antidemocrática de existência das democracias, distinguindo os cidadãos dos estrangeiros, afirma que não pode haver democracia sem território. Em princípio, portanto, nada de democracia sem fronteiras. E, no entanto, as fronteiras perdem o sentido no que diz respeito às mercadorias, aos capitais, aos homens e às informações que as atravessam. As nações não podem mais ser definidas por fronteiras rígidas. Será necessário aprender a construir nações sem fronteiras, autorizando a filiação a várias comunidades, o direito de voto múltiplo, a multilealdade. No trecho do livro Dicionário do século XXI, de Jacques Attali, a análise da relação entre democracia, cidadania e fronteira apresenta sob uma perspectiva crítica a necessidade de",reestruturação efetiva do Estado-nação.,liberalização controlada dos mercados.,contestação popular do voto censitário.,garantia jurídica da lealdade nacional.,afirmação constitucional dos territórios.,2013,13,CH,B,portuguese,22.0,0.9821,-0.4194,0.0229,187
QUESTÃO 13,"Fronteira. Condição antidemocrática de existência das democracias, distinguindo os cidadãos dos estrangeiros, afirma que não pode haver democracia sem território. Em princípio, portanto, nada de democracia sem fronteiras. E, no entanto, as fronteiras perdem o sentido no que diz respeito às mercadorias, aos capitais, aos homens e às informações que as atravessam. As nações não podem mais ser definidas por fronteiras rígidas. Será necessário aprender a construir nações sem fronteiras, autorizando a filiação a várias comunidades, o direito de voto múltiplo, a multilealdade. No trecho do livro Dicionário do século XXI, de Jacques Attali, a análise da relação entre democracia, cidadania e fronteira apresenta sob uma perspectiva crítica a necessidade de",reestruturação efetiva do Estado-nação.,liberalização controlada dos mercados.,contestação popular do voto censitário.,garantia jurídica da lealdade nacional.,afirmação constitucional dos territórios.,2013,13,CH,B,portuguese,,2.11447,1.14319,0.21873,187
QUESTÃO 14,"O contrário de um fato qualquer é sempre possível, pois, além de jamais implicar uma contradição, o espírito o concebe com a mesma facilidade e distinção como se ele estivesse em completo acordo com a realidade. Que o Sol não nascerá amanhã é tão inteligível e não implica mais contradição do que a afirmação de que ele nascerá. Podemos em vão, todavia, tentar demonstrar sua falsidade de maneira absolutamente precisa. Se ela fosse demonstrativamente falsa, implicaria uma contradição e o espírito nunca poderia concebê-la distintamente, assim como não pode conceber que 1 + 1 seja diferente de 2. O filósofo escocês David Hume refere-se a fatos, ou seja, a eventos espaço-temporais, que acontecem no mundo. Com relação ao conhecimento referente a tais eventos, Hume considera que os fenômenos","acontecem de forma inquestionável, ao serem apreensíveis pela razão humana.","ocorrem de maneira necessária, permitindo um saber próximo ao de estilo matemático.","propiciam segurança ao observador, por se basearem em dados que os tornam incontestáveis.","devem ter seus resultados previstos por duas modalidades de provas, com conclusões idênticas.","exigem previsões obtidas por raciocínio, distinto do conhecimento baseado em cálculo abstrato.",2013,14,CH,D,portuguese,26.0,1.6457,0.5317,0.0871,187
QUESTÃO 14,"O contrário de um fato qualquer é sempre possível, pois, além de jamais implicar uma contradição, o espírito o concebe com a mesma facilidade e distinção como se ele estivesse em completo acordo com a realidade. Que o Sol não nascerá amanhã é tão inteligível e não implica mais contradição do que a afirmação de que ele nascerá. Podemos em vão, todavia, tentar demonstrar sua falsidade de maneira absolutamente precisa. Se ela fosse demonstrativamente falsa, implicaria uma contradição e o espírito nunca poderia concebê-la distintamente, assim como não pode conceber que 1 + 1 seja diferente de 2. O filósofo escocês David Hume refere-se a fatos, ou seja, a eventos espaço-temporais, que acontecem no mundo. Com relação ao conhecimento referente a tais eventos, Hume considera que os fenômenos","acontecem de forma inquestionável, ao serem apreensíveis pela razão humana.","ocorrem de maneira necessária, permitindo um saber próximo ao de estilo matemático.","propiciam segurança ao observador, por se basearem em dados que os tornam incontestáveis.","devem ter seus resultados previstos por duas modalidades de provas, com conclusões idênticas.","exigem previsões obtidas por raciocínio, distinto do conhecimento baseado em cálculo abstrato.",2013,14,CH,D,portuguese,,4.94002,1.72636,0.19467,187
QUESTÃO 15,"TEXTO I O Heliocentrismo não é o “meu sistema”, mas a Ordem de Deus. TEXTO II Não vejo nenhum motivo para que as ideias expostas neste livro ( A origem das espécies ) se choquem com as ideias religiosas. Os textos expressam a visão de dois pensadores — Copérnico e Darwin — sobre a questão religiosa e suas relações com a ciência, no contexto histórico de construção e consolidação da Modernidade. A comparação entre essas visões expressa, respectivamente:",Articulação entre ciência e fé — pensamento científico independente.,Poder secular acima do poder religioso — defesa dos dogmas católicos.,Ciência como área autônoma do saber — razão humana submetida à fé.,Moral católica acima da protestante — subordinação da ciência à religião.,Autonomia do pensamento religioso — fomento à fé por meio da ciência.,2013,15,CH,A,portuguese,15.0,0.5188,2.7409,0.1448,187
QUESTÃO 15,"TEXTO I O Heliocentrismo não é o “meu sistema”, mas a Ordem de Deus. TEXTO II Não vejo nenhum motivo para que as ideias expostas neste livro ( A origem das espécies ) se choquem com as ideias religiosas. Os textos expressam a visão de dois pensadores — Copérnico e Darwin — sobre a questão religiosa e suas relações com a ciência, no contexto histórico de construção e consolidação da Modernidade. A comparação entre essas visões expressa, respectivamente:",Articulação entre ciência e fé — pensamento científico independente.,Poder secular acima do poder religioso — defesa dos dogmas católicos.,Ciência como área autônoma do saber — razão humana submetida à fé.,Moral católica acima da protestante — subordinação da ciência à religião.,Autonomia do pensamento religioso — fomento à fé por meio da ciência.,2013,15,CH,A,portuguese,,1.01747,0.80921,0.19447,187
QUESTÃO 16,"É preciso ressaltar que, de todas as capitanias brasileiras, Minas era a mais urbanizada. Não havia ali hegemonia de um ou dois grandes centros. A região era repleta de vilas e arraiais, grandes e pequenos, em cujas ruas muita gente circulava. As regiões da América portuguesa tiveram distintas lógicas de ocupação. Uma explicação para a especificidade da região descrita no texto está identificada na",apropriação cultural diante das influências externas.,produção manufatureira diante do exclusivo comercial.,insubordinação religiosa diante da hierarquia eclesiástica.,fiscalização estatal diante das particularidades econômicas.,autonomia administrativa diante das instituições metropolitanas.,2013,16,CH,B,portuguese,,2.362,1.991,0.103,187
QUESTÃO 16,"É preciso ressaltar que, de todas as capitanias brasileiras, Minas era a mais urbanizada. Não havia ali hegemonia de um ou dois grandes centros. A região era repleta de vilas e arraiais, grandes e pequenos, em cujas ruas muita gente circulava. As regiões da América portuguesa tiveram distintas lógicas de ocupação. Uma explicação para a especificidade da região descrita no texto está identificada na",apropriação cultural diante das influências externas.,produção manufatureira diante do exclusivo comercial.,insubordinação religiosa diante da hierarquia eclesiástica.,fiscalização estatal diante das particularidades econômicas.,autonomia administrativa diante das instituições metropolitanas.,2013,16,CH,B,portuguese,16.0,0.9463,1.1622,0.1021,187
QUESTÃO 17,"A cessação do tráfico lançou sobre a escravidão uma sentença definitiva. Mais cedo ou mais tarde estaria extinta, tanto mais quanto os índices de natalidade entre os escravos eram extremamente baixos e os de mortalidade, elevados. Era necessário melhorar as condições de vida da escravaria existente e, ao mesmo tempo, pensar numa outra solução para o problema da mão de obra. Em 1850, a Lei Eusébio de Queirós determinou a extinção do tráfico transatlântico de cativos e colocou em evidência o problema da falta de mão de obra para a lavoura. Para os cafeicultores paulistas, a medida que representou uma solução efetiva desse problema foi o (a)",valorização dos trabalhadores nacionais livres.,busca por novas fontes fornecedoras de cativos.,desenvolvimento de uma economia urbano-industrial.,incentivo à imigração europeia.,escravização das populações indígenas.,2013,17,CH,C,portuguese,,2.648,0.579,0.109,187
QUESTÃO 17,"A cessação do tráfico lançou sobre a escravidão uma sentença definitiva. Mais cedo ou mais tarde estaria extinta, tanto mais quanto os índices de natalidade entre os escravos eram extremamente baixos e os de mortalidade, elevados. Era necessário melhorar as condições de vida da escravaria existente e, ao mesmo tempo, pensar numa outra solução para o problema da mão de obra. Em 1850, a Lei Eusébio de Queirós determinou a extinção do tráfico transatlântico de cativos e colocou em evidência o problema da falta de mão de obra para a lavoura. Para os cafeicultores paulistas, a medida que representou uma solução efetiva desse problema foi o (a)",valorização dos trabalhadores nacionais livres.,busca por novas fontes fornecedoras de cativos.,desenvolvimento de uma economia urbano-industrial.,incentivo à imigração europeia.,escravização das populações indígenas.,2013,17,CH,C,portuguese,17.0,1.9298,1.049,0.074,187
QUESTÃO 18,"Imagine uma festa. São centenas de pessoas aparentemente viajadas, inteligentes, abertas a novas amizades. Você seleciona uma delas e começa um diálogo. Apesar do assunto envolvente, você olha para o lado, perde o foco e dá início a um novo bate-papo. Trinta segundos depois, outra pessoa desperta a sua atenção. Você repete a mesma ação. Lá pelas tantas você se dá conta de que não lembra o nome de nenhuma das pessoas com quem conversou. A internet é mais ou menos assim, repleta de coisas legais, informações relevantes. São janelas e mais janelas abertas. Refletindo sobre a correlação entre meios de comunicação e vida social, o texto associa a internet a um padrão de sociabilidade que se caracteriza pelo(a)",isolamento das pessoas.,intelectualização dos internautas.,superficialidade das interações.,mercantilização das relações.,massificação dos gostos.,2013,18,CH,A,portuguese,,3.79023,0.206,0.15505,187
QUESTÃO 18,"Imagine uma festa. São centenas de pessoas aparentemente viajadas, inteligentes, abertas a novas amizades. Você seleciona uma delas e começa um diálogo. Apesar do assunto envolvente, você olha para o lado, perde o foco e dá início a um novo bate-papo. Trinta segundos depois, outra pessoa desperta a sua atenção. Você repete a mesma ação. Lá pelas tantas você se dá conta de que não lembra o nome de nenhuma das pessoas com quem conversou. A internet é mais ou menos assim, repleta de coisas legais, informações relevantes. São janelas e mais janelas abertas. Refletindo sobre a correlação entre meios de comunicação e vida social, o texto associa a internet a um padrão de sociabilidade que se caracteriza pelo(a)",isolamento das pessoas.,intelectualização dos internautas.,superficialidade das interações.,mercantilização das relações.,massificação dos gostos.,2013,18,CH,A,portuguese,2.0,1.4139,1.5347,0.2167,187
QUESTÃO 19,,"substância é um Ser capaz de Ação. Ela é simples ou composta. A substância simples é aquela que não tem partes. O composto é a reunião das substâncias simples ou Mônadas . Monas é uma palavra grega que significa unidade ou o que é uno. Os compostos ou os corpos são Multiplicidades, e as Substâncias simples, as Vidas, as Almas, os Espíritos são unidades. É preciso que em toda parte haja substâncias simples porque sem as simples não haveria as compostas, nem movimento. Por conseguinte, toda natureza está plena de vida. Dentre suas diversas reflexões, Leibniz voltou sua atenção para o tema da metafísica, que trata basicamente do fundamento de realidade das coisas do mundo. A busca por esse fundamento muitas vezes é resumida a partir do conceito de substância, que para ele se refere a algo que é A complexo por natureza, constituindo a unidade mínima do cosmo.","estabilizador da realidade, dada a exigência de permanência desta.","desdobrado no composto, em vez de gerá-lo unindo-se a outras substâncias simples.","considerado simples e múltiplo a um só tempo, por ser um todo indecomponível constituído de partes.","essencial na estrutura do que existe no mundo, sem deixar de contribuir para o movimento.",2013,19,CH,E,portuguese,8.0,2.2732,0.788,0.2379,187
QUESTÃO 19,,"substância é um Ser capaz de Ação. Ela é simples ou composta. A substância simples é aquela que não tem partes. O composto é a reunião das substâncias simples ou Mônadas . Monas é uma palavra grega que significa unidade ou o que é uno. Os compostos ou os corpos são Multiplicidades, e as Substâncias simples, as Vidas, as Almas, os Espíritos são unidades. É preciso que em toda parte haja substâncias simples porque sem as simples não haveria as compostas, nem movimento. Por conseguinte, toda natureza está plena de vida. Dentre suas diversas reflexões, Leibniz voltou sua atenção para o tema da metafísica, que trata basicamente do fundamento de realidade das coisas do mundo. A busca por esse fundamento muitas vezes é resumida a partir do conceito de substância, que para ele se refere a algo que é A complexo por natureza, constituindo a unidade mínima do cosmo.","estabilizador da realidade, dada a exigência de permanência desta.","desdobrado no composto, em vez de gerá-lo unindo-se a outras substâncias simples.","considerado simples e múltiplo a um só tempo, por ser um todo indecomponível constituído de partes.","essencial na estrutura do que existe no mundo, sem deixar de contribuir para o movimento.",2013,19,CH,E,portuguese,,1.06207,0.71558,0.02341,187
QUESTÃO 20,"Devem ser bons serviçais e habilidosos, pois noto que repetem logo o que a gente diz e creio que depressa se fariam cristãos; me pareceu que não tinham nenhuma religião. Eu, comprazendo a Nosso Senhor, levarei daqui, por ocasião de minha partida, seis deles para Vossas Majestades, para que aprendam a falar. O documento escrito por Cristóvão Colombo destaca um aspecto cultural relevante em torno da conquista da América, que se encontra expresso em:",Deslumbramento do homem branco diante do comportamento exótico das tribos autóctones.,Violência militarizada do europeu diante da necessidade de imposição de regras aos ameríndios.,Cruzada civilizacional frente à tarefa de educar os povos nativos pelos parâmetros ocidentais.,Comportamento caridoso dos governos europeus diante da receptividade das comunidades indígenas.,Compromisso dos agentes religiosos diante da necessidade de respeitar a diversidade social dos índios.,2013,20,CH,E,portuguese,24.0,1.787,2.08,0.145,187
QUESTÃO 20,"Devem ser bons serviçais e habilidosos, pois noto que repetem logo o que a gente diz e creio que depressa se fariam cristãos; me pareceu que não tinham nenhuma religião. Eu, comprazendo a Nosso Senhor, levarei daqui, por ocasião de minha partida, seis deles para Vossas Majestades, para que aprendam a falar. O documento escrito por Cristóvão Colombo destaca um aspecto cultural relevante em torno da conquista da América, que se encontra expresso em:",Deslumbramento do homem branco diante do comportamento exótico das tribos autóctones.,Violência militarizada do europeu diante da necessidade de imposição de regras aos ameríndios.,Cruzada civilizacional frente à tarefa de educar os povos nativos pelos parâmetros ocidentais.,Comportamento caridoso dos governos europeus diante da receptividade das comunidades indígenas.,Compromisso dos agentes religiosos diante da necessidade de respeitar a diversidade social dos índios.,2013,20,CH,E,portuguese,,2.11713,0.88207,0.20081,187
QUESTÃO 21,"TEXTO I Conforme Locke: Não é sem razão que o ser humano procura de boa vontade juntar-se em sociedade com outros que estão já unidos, ou pretendem unir-se, para a mútua conservação da vida, da liberdade e dos bens a que chamo de propriedade. TEXTO II De acordo com Engels: Para que essas classes com interesses econômicos em conflitos não destruam a si mesmas e à sociedade numa luta estéril, surge a necessidade de um poder que, na aparência, esteja acima da sociedade, que atenue o conflito, mantenha-o dentro dos limites da ordem. Os textos expressam duas visões sobre a forma como os indivíduos se organizam socialmente. Tais visões apontam, respectivamente, para as concepções:","Liberal, em defesa da liberdade e da propriedade privada — Conflituosa, exemplificada pela luta de classes.","Heterogênea, favorável à propriedade privada — Consensual, sob o controle de classes com interesses comuns.","Igualitária, baseada na filantropia — Complementar, com objetivos comuns unindo classes antagônicas.","Compulsória, na qual as pessoas possuem papéis que se complementam — Individualista, na qual as pessoas lutam por seus interesses.","Libertária, em defesa da razão humana — Contraditória, na qual vigora o estado de natureza.",2013,21,CH,B,portuguese,7.0,1.3818,3.0816,0.2539,187
QUESTÃO 21,"TEXTO I Conforme Locke: Não é sem razão que o ser humano procura de boa vontade juntar-se em sociedade com outros que estão já unidos, ou pretendem unir-se, para a mútua conservação da vida, da liberdade e dos bens a que chamo de propriedade. TEXTO II De acordo com Engels: Para que essas classes com interesses econômicos em conflitos não destruam a si mesmas e à sociedade numa luta estéril, surge a necessidade de um poder que, na aparência, esteja acima da sociedade, que atenue o conflito, mantenha-o dentro dos limites da ordem. Os textos expressam duas visões sobre a forma como os indivíduos se organizam socialmente. Tais visões apontam, respectivamente, para as concepções:","Liberal, em defesa da liberdade e da propriedade privada — Conflituosa, exemplificada pela luta de classes.","Heterogênea, favorável à propriedade privada — Consensual, sob o controle de classes com interesses comuns.","Igualitária, baseada na filantropia — Complementar, com objetivos comuns unindo classes antagônicas.","Compulsória, na qual as pessoas possuem papéis que se complementam — Individualista, na qual as pessoas lutam por seus interesses.","Libertária, em defesa da razão humana — Contraditória, na qual vigora o estado de natureza.",2013,21,CH,B,portuguese,,1.64779,1.40805,0.24911,187
QUESTÃO 22,"Descrição da imagem: Dois mapas apresentam a mesma área geográfica. No primeiro mapa, a Albânia faz limite com a Iugoslávia. No segundo, a Albânia faz fronteira com Montenegro, Kosovo e Macedônia. Apresentam-se ainda outros países próximos, tais como Sérvia, República Bósnia, Federação Croata, Croácia e Eslovênia, não constando mais a Iugoslávia na divisa com a Albânia. Nos mapas, está representada a região dos Bálcãs, em dois momentos do século XX. Uma causa para a mudança geopolítica representada foi a",adoção do euro como moeda única.,suspensão do apoio econômico soviético.,intervenção internacional liderada pela Otan.,intensificação das tensões étnicas regionais.,formação de um Estado islâmico unificado.,2013,22,CH,E,portuguese,,2.51848,1.19498,0.11662,187
QUESTÃO 22,"Descrição da imagem: Dois mapas apresentam a mesma área geográfica. No primeiro mapa, a Albânia faz limite com a Iugoslávia. No segundo, a Albânia faz fronteira com Montenegro, Kosovo e Macedônia. Apresentam-se ainda outros países próximos, tais como Sérvia, República Bósnia, Federação Croata, Croácia e Eslovênia, não constando mais a Iugoslávia na divisa com a Albânia. Nos mapas, está representada a região dos Bálcãs, em dois momentos do século XX. Uma causa para a mudança geopolítica representada foi a",adoção do euro como moeda única.,suspensão do apoio econômico soviético.,intervenção internacional liderada pela Otan.,intensificação das tensões étnicas regionais.,formação de um Estado islâmico unificado.,2013,22,CH,E,portuguese,12.0,1.966,0.8302,0.1597,187
QUESTÃO 23,"Foi lento o processo de transferência da população para as cidades, pois durante séculos o Brasil foi um país agrário. Foi necessário mais de um século (século XVIII a século XIX) para que a urbanização brasileira atingisse a maturidade; e mais um século para que assumisse as características atuais. A dinâmica populacional descrita indica a ocorrência do seguinte processo:",Migração intrarregional.,Migração pendular.,Transumância.,Êxodo rural.,Nomadismo.,2013,23,CH,D,portuguese,,2.42842,0.537,0.15885,187
QUESTÃO 23,"Foi lento o processo de transferência da população para as cidades, pois durante séculos o Brasil foi um país agrário. Foi necessário mais de um século (século XVIII a século XIX) para que a urbanização brasileira atingisse a maturidade; e mais um século para que assumisse as características atuais. A dinâmica populacional descrita indica a ocorrência do seguinte processo:",Migração intrarregional.,Migração pendular.,Transumância.,Êxodo rural.,Nomadismo.,2013,23,CH,D,portuguese,14.0,1.009,2.8812,0.0877,187
QUESTÃO 24,"O antropólogo americano Marius Barbeau escreveu o seguinte: sempre que se cante a uma criança uma cantiga de ninar; sempre que se use uma canção, uma adivinha, uma parlenda, uma rima de contar, no quarto das crianças ou na escola; sempre que ditos e provérbios, fábulas, histórias bobas e contos populares sejam representados; aí veremos o folclore em seu próprio domínio, sempre em ação, vivo e mutável, sempre pronto a agarrar e assimilar novos elementos em seu caminho. O texto tem como objeto a construção da identidade cultural, reconhecendo que o folclore, mesmo sendo uma manifestação associada à preservação das raízes e da memória dos grupos sociais,",está sujeito a mudanças e reinterpretações.,deve ser apresentado de forma escrita.,segue os padrões de produção da moderna indústria cultural.,tende a ser materializado em peças e obras de arte eruditas.,expressa as vivências contemporâneas e os anseios futuros desses grupos.,2013,24,CH,B,portuguese,12.0,1.0605,2.9707,0.1177,187
QUESTÃO 24,"O antropólogo americano Marius Barbeau escreveu o seguinte: sempre que se cante a uma criança uma cantiga de ninar; sempre que se use uma canção, uma adivinha, uma parlenda, uma rima de contar, no quarto das crianças ou na escola; sempre que ditos e provérbios, fábulas, histórias bobas e contos populares sejam representados; aí veremos o folclore em seu próprio domínio, sempre em ação, vivo e mutável, sempre pronto a agarrar e assimilar novos elementos em seu caminho. O texto tem como objeto a construção da identidade cultural, reconhecendo que o folclore, mesmo sendo uma manifestação associada à preservação das raízes e da memória dos grupos sociais,",está sujeito a mudanças e reinterpretações.,deve ser apresentado de forma escrita.,segue os padrões de produção da moderna indústria cultural.,tende a ser materializado em peças e obras de arte eruditas.,expressa as vivências contemporâneas e os anseios futuros desses grupos.,2013,24,CH,B,portuguese,,2.3581,0.23732,0.16805,187
QUESTÃO 25,"Eu mesmo me apresento: sou Antônio: sou Antônio Vicente Mendes Maciel (provim da batalha de Deus versus demônio Com a res publica marca de Caim). Moisés, do Êxodo ao Deuteronômio , Sou natural de Quixeramobim, O Antônio Conselheiro deste chão Que vai ser mar e o mar vai ser sertão. O poema, escrito em 2001, contribui para a construção de uma determinada memória sobre o movimento de Canudos, ao retratar seu líder como",crítico do regime político recém-proclamado.,partidário da abolição da escravidão.,contrário à distribuição da terra para os humildes.,defensor da autonomia política dos municípios.,porta-voz do catolicismo ortodoxo romano.,2013,25,CH,C,portuguese,,0.774,1.57,0.188,187
QUESTÃO 25,"Eu mesmo me apresento: sou Antônio: sou Antônio Vicente Mendes Maciel (provim da batalha de Deus versus demônio Com a res publica marca de Caim). Moisés, do Êxodo ao Deuteronômio , Sou natural de Quixeramobim, O Antônio Conselheiro deste chão Que vai ser mar e o mar vai ser sertão. O poema, escrito em 2001, contribui para a construção de uma determinada memória sobre o movimento de Canudos, ao retratar seu líder como",crítico do regime político recém-proclamado.,partidário da abolição da escravidão.,contrário à distribuição da terra para os humildes.,defensor da autonomia política dos municípios.,porta-voz do catolicismo ortodoxo romano.,2013,25,CH,C,portuguese,21.0,1.6979,1.9082,0.1898,187
QUESTÃO 26,"Nas palavras de Mikhail Bakunin: Sou um partidário da Comuna de Paris, que, por ter sido massacrada, sufocada no sangue pelos carrascos da reação monárquica e clerical, tornou-se ainda mais viva, mais poderosa na imaginação e no coração do proletariado da Europa; sou seu partidário sobretudo porque ela foi uma negação audaciosa, bem pronunciada, do Estado. A Comuna de Paris despertou a reação dos setores sociais mencionados no texto, porque",instituiu a participação política direta do povo.,consagrou o princípio do sufrágio universal.,encerrou o período de estabilidade política europeia.,simbolizou a vitória do ideário marxista.,representou a retomada dos valores do liberalismo.,2013,26,CH,C,portuguese,22.0,1.1014,3.394,0.1122,187
QUESTÃO 26,"Nas palavras de Mikhail Bakunin: Sou um partidário da Comuna de Paris, que, por ter sido massacrada, sufocada no sangue pelos carrascos da reação monárquica e clerical, tornou-se ainda mais viva, mais poderosa na imaginação e no coração do proletariado da Europa; sou seu partidário sobretudo porque ela foi uma negação audaciosa, bem pronunciada, do Estado. A Comuna de Paris despertou a reação dos setores sociais mencionados no texto, porque",instituiu a participação política direta do povo.,consagrou o princípio do sufrágio universal.,encerrou o período de estabilidade política europeia.,simbolizou a vitória do ideário marxista.,representou a retomada dos valores do liberalismo.,2013,26,CH,C,portuguese,,1.02904,2.70875,0.25141,187
QUESTÃO 27,"Com um longo histórico de desencontros, o desenvolvimento econômico e o meio ambiente andam às turras no país. O noticiário dá a impressão de que se trata de diferenças irreconciliáveis, e talvez sejam. Nesse início de século XXI, um exemplo dos desencontros entre natureza e economia é o(a)",replantio de espécies da Mata Atlântica em substituição às lavouras de café.,derrubada de trechos de floresta para a conclusão de viadutos na Rodovia Transamazônica.,"expansão da fronteira agrícola na Amazônia, a fim de expandir as áreas de plantio de soja.","redução da Mata de Araucárias, devido à urbanização descontrolada nas diferentes regiões do país.","diminuição do Pantanal, tendo em vista a expansão dos latifúndios, que cumprem sua função social.",2013,27,CH,B,portuguese,23.0,0.973,2.3549,0.1151,187
QUESTÃO 27,"Com um longo histórico de desencontros, o desenvolvimento econômico e o meio ambiente andam às turras no país. O noticiário dá a impressão de que se trata de diferenças irreconciliáveis, e talvez sejam. Nesse início de século XXI, um exemplo dos desencontros entre natureza e economia é o(a)",replantio de espécies da Mata Atlântica em substituição às lavouras de café.,derrubada de trechos de floresta para a conclusão de viadutos na Rodovia Transamazônica.,"expansão da fronteira agrícola na Amazônia, a fim de expandir as áreas de plantio de soja.","redução da Mata de Araucárias, devido à urbanização descontrolada nas diferentes regiões do país.","diminuição do Pantanal, tendo em vista a expansão dos latifúndios, que cumprem sua função social.",2013,27,CH,B,portuguese,,3.53599,1.51157,0.17862,187
QUESTÃO 28,"O geoturismo é um segmento turístico recente que busca priorizar os aspectos naturais negligenciados pelo ecoturismo: geologia e geomorfologia, como cavernas, sítios paleontológicos, maciços rochosos, quedas d’água etc., proporcionando uma experiência turística que vai além da contemplação, agregando informações sobre a origem e formação dos locais visitados. Atualmente, no Brasil, a utilização de pequenas propriedades rurais para a prática descrita pelo texto é indicada como método que",possibilita a exploração de recursos minerais sem degradação da fauna e da flora locais.,associa a conservação do bioma a ganhos financeiros para o proprietário da terra.,permite a migração da população rural sem perda de sua identidade cultural.,impede o uso das áreas de mata para cultivos dependentes de sombreamento.,viabiliza a produção agrícola com a utilização de culturas comerciais.,2013,28,CH,E,portuguese,,3.01985,0.73577,0.18309,187
QUESTÃO 28,"O geoturismo é um segmento turístico recente que busca priorizar os aspectos naturais negligenciados pelo ecoturismo: geologia e geomorfologia, como cavernas, sítios paleontológicos, maciços rochosos, quedas d’água etc., proporcionando uma experiência turística que vai além da contemplação, agregando informações sobre a origem e formação dos locais visitados. Atualmente, no Brasil, a utilização de pequenas propriedades rurais para a prática descrita pelo texto é indicada como método que",possibilita a exploração de recursos minerais sem degradação da fauna e da flora locais.,associa a conservação do bioma a ganhos financeiros para o proprietário da terra.,permite a migração da população rural sem perda de sua identidade cultural.,impede o uso das áreas de mata para cultivos dependentes de sombreamento.,viabiliza a produção agrícola com a utilização de culturas comerciais.,2013,28,CH,E,portuguese,30.0,2.929,0.7565,0.1967,187
QUESTÃO 29,"Há cinco anos as plantações de algodão de Burkina Faso, as maiores da África Ocidental, vêm sendo contaminadas por organismos geneticamente modificados (OGMs). E ao que tudo indica, o país é apenas o ponto de partida para a expansão dessa tecnologia, que traz enormes benefícios às empresas. Com relação ao lucro obtido pelas empresas produtoras dos organismos geneticamente modificados, este tende a ser maximizado por meio do(a)","propriedade intelectual, que rende royalties sobre as patentes de sementes e insumos.","produção das sementes e insumos nos países consumidores, acarretando economia em logística.","elaboração de produtos adaptados às culturas específicas, abandonando as vendas de produtos uniformizados.","manutenção, nos países menos desenvolvidos, de grandes fazendas voltadas para o abastecimento interno.","cultivo de plantas com maiores índices de produtividade, o que lhes renderia maior publicidade no combate à fome.",2013,29,CH,B,portuguese,1.0,1.2502,2.1616,0.1432,187
QUESTÃO 29,"Há cinco anos as plantações de algodão de Burkina Faso, as maiores da África Ocidental, vêm sendo contaminadas por organismos geneticamente modificados (OGMs). E ao que tudo indica, o país é apenas o ponto de partida para a expansão dessa tecnologia, que traz enormes benefícios às empresas. Com relação ao lucro obtido pelas empresas produtoras dos organismos geneticamente modificados, este tende a ser maximizado por meio do(a)","propriedade intelectual, que rende royalties sobre as patentes de sementes e insumos.","produção das sementes e insumos nos países consumidores, acarretando economia em logística.","elaboração de produtos adaptados às culturas específicas, abandonando as vendas de produtos uniformizados.","manutenção, nos países menos desenvolvidos, de grandes fazendas voltadas para o abastecimento interno.","cultivo de plantas com maiores índices de produtividade, o que lhes renderia maior publicidade no combate à fome.",2013,29,CH,B,portuguese,,2.61835,2.16891,0.14871,187
QUESTÃO 30,"Queixume das operárias da seda Sempre tecemos panos de seda E nem por isso vestiremos melhor [...] Nunca seremos capazes de ganhar tanto Que possamos ter melhor comida [...] Pois a obra de nossas mãos Nenhuma de nós terá para se manter [...] E estamos em grande miséria Mas, com os nossos salários, enriquece aquele para quem trabalhamos Grande parte das noites ficamos acordadas E todo o dia para isso ganhar Ameaçam-nos de nos moer de pancada Os membros quando descansamos E assim, não nos atrevemos a repousar. Tendo em vista as transformações socioeconômicas da Europa Ocidental durante a Baixa Idade Média, o texto citado pelo historiador Jacques Le Goff apresenta a seguinte situação:",Uso da coerção no mundo do trabalho artesanal.,Deslocamento das trabalhadoras do campo para as cidades.,Desorganização do trabalho pela introdução do assalariamento.,Enfraquecimento dos laços que ligavam patrões e empregadas.,Ganho das artífices pela introdução da remuneração pelo seu trabalho.,2013,30,CH,A,portuguese,,3.04725,0.75897,0.15596,187
QUESTÃO 30,"Queixume das operárias da seda Sempre tecemos panos de seda E nem por isso vestiremos melhor [...] Nunca seremos capazes de ganhar tanto Que possamos ter melhor comida [...] Pois a obra de nossas mãos Nenhuma de nós terá para se manter [...] E estamos em grande miséria Mas, com os nossos salários, enriquece aquele para quem trabalhamos Grande parte das noites ficamos acordadas E todo o dia para isso ganhar Ameaçam-nos de nos moer de pancada Os membros quando descansamos E assim, não nos atrevemos a repousar. Tendo em vista as transformações socioeconômicas da Europa Ocidental durante a Baixa Idade Média, o texto citado pelo historiador Jacques Le Goff apresenta a seguinte situação:",Uso da coerção no mundo do trabalho artesanal.,Deslocamento das trabalhadoras do campo para as cidades.,Desorganização do trabalho pela introdução do assalariamento.,Enfraquecimento dos laços que ligavam patrões e empregadas.,Ganho das artífices pela introdução da remuneração pelo seu trabalho.,2013,30,CH,A,portuguese,14.0,2.709,1.2427,0.0892,187
QUESTÃO 31,"TEXTO I É notório que o universo do futebol caracteriza-se por ser, desde sua origem, um espaço eminentemente masculino; como esse espaço não é apenas esportivo, mas sociocultural, os valores nele embutidos e dele derivados estabelecem limites que, embora nem sempre tão claros, devem ser observados para a perfeita manutenção da “ordem”, ou da “lógica’” que se atribui ao jogo e que nele se espera ver confirmada. A entrada das mulheres em campo subverteria tal ordem, e as reações daí decorrentes expressam muito bem as relações presentes em cada sociedade: quanto mais machista, ou sexista, ela for, mais exacerbadas as suas réplicas. TEXTO II Com o Estado Novo, a circularidade de uma prática cultural nascida na elite e transformada por sua aceitação popular completou o ciclo ao ser apropriada pelo Estado como parte do discurso oficial sobre a nacionalidade. A partir daí, o Estado profissionalizou o futebol e passou a ser o grande promotor do esporte, descrito como uma expressão da nacionalidade. O futebol brasileiro refletiria as qualidades e os defeitos da nação. Os dois aspectos ressaltados pelos textos sobre a história do futebol na sociedade brasileira são respectivamente:",Simbolismo político — poder manipulador.,Caráter coletivo — ligação com as demandas populares.,Potencial de divertimento — contribuição para a alienação popular.,Manifestação de relações de gênero — papel identitário.,Dimensão folclórica — exercício da dominação de classes.,2013,31,CH,B,portuguese,,2.57718,1.00679,0.09502,187
QUESTÃO 31,"TEXTO I É notório que o universo do futebol caracteriza-se por ser, desde sua origem, um espaço eminentemente masculino; como esse espaço não é apenas esportivo, mas sociocultural, os valores nele embutidos e dele derivados estabelecem limites que, embora nem sempre tão claros, devem ser observados para a perfeita manutenção da “ordem”, ou da “lógica’” que se atribui ao jogo e que nele se espera ver confirmada. A entrada das mulheres em campo subverteria tal ordem, e as reações daí decorrentes expressam muito bem as relações presentes em cada sociedade: quanto mais machista, ou sexista, ela for, mais exacerbadas as suas réplicas. TEXTO II Com o Estado Novo, a circularidade de uma prática cultural nascida na elite e transformada por sua aceitação popular completou o ciclo ao ser apropriada pelo Estado como parte do discurso oficial sobre a nacionalidade. A partir daí, o Estado profissionalizou o futebol e passou a ser o grande promotor do esporte, descrito como uma expressão da nacionalidade. O futebol brasileiro refletiria as qualidades e os defeitos da nação. Os dois aspectos ressaltados pelos textos sobre a história do futebol na sociedade brasileira são respectivamente:",Simbolismo político — poder manipulador.,Caráter coletivo — ligação com as demandas populares.,Potencial de divertimento — contribuição para a alienação popular.,Manifestação de relações de gênero — papel identitário.,Dimensão folclórica — exercício da dominação de classes.,2013,31,CH,B,portuguese,25.0,3.9263,0.979,0.1535,187
QUESTÃO 32,"A década de 1970 marcou o início das preocupações com a relação entre a atividade produtiva no campo e a preservação do meio ambiente no Brasil. Essa mesma década se destaca pelo avanço das tecnologias de ponta, que passam a ocupar cada vez mais espaço junto à agricultura e, ainda que numa dimensão menor, também, na agricultura familiar. O avanço tecnológico e os impactos socioambientais no campo brasileiro após a década de 1970 evidenciam uma relação de equivalência entre",investimento em maquinários e geração de empregos.,expansão das técnicas de cultivo e distribuição fundiária.,crescimento da produtividade e redistribuição espacial do cultivo.,inovações nos pesticidas e redução da contaminação dos trabalhadores.,utilização da engenharia genética e conservação dos biomas ameaçados.,2013,32,CH,E,portuguese,8.0,1.9564,2.1664,0.1224,187
QUESTÃO 32,"A década de 1970 marcou o início das preocupações com a relação entre a atividade produtiva no campo e a preservação do meio ambiente no Brasil. Essa mesma década se destaca pelo avanço das tecnologias de ponta, que passam a ocupar cada vez mais espaço junto à agricultura e, ainda que numa dimensão menor, também, na agricultura familiar. O avanço tecnológico e os impactos socioambientais no campo brasileiro após a década de 1970 evidenciam uma relação de equivalência entre",investimento em maquinários e geração de empregos.,expansão das técnicas de cultivo e distribuição fundiária.,crescimento da produtividade e redistribuição espacial do cultivo.,inovações nos pesticidas e redução da contaminação dos trabalhadores.,utilização da engenharia genética e conservação dos biomas ameaçados.,2013,32,CH,E,portuguese,,2.99784,1.81073,0.21159,187
QUESTÃO 33,"Os solos tropicais são naturalmente ácidos, em razão da pobreza do material de origem ou devido aos processos de gênese. Além disso, o manejo das áreas agrícolas pode conduzir os solos à acidificação. Em solos ácidos como os brasileiros, o método mais indicado, com o elemento utilizado para a correção do problema descrito no texto é o(a)",descanso do solo a partir da técnica de pousio.,uso da calagem pela introdução de calcário no solo.,aração do solo para realizar a sua descompactação.,plantio direto para diversificar as culturas.,rotação de culturas para manter os nutrientes no solo.,2013,33,CH,A,portuguese,2.0,0.5361,-0.9463,0.0383,187
QUESTÃO 33,"Os solos tropicais são naturalmente ácidos, em razão da pobreza do material de origem ou devido aos processos de gênese. Além disso, o manejo das áreas agrícolas pode conduzir os solos à acidificação. Em solos ácidos como os brasileiros, o método mais indicado, com o elemento utilizado para a correção do problema descrito no texto é o(a)",descanso do solo a partir da técnica de pousio.,uso da calagem pela introdução de calcário no solo.,aração do solo para realizar a sua descompactação.,plantio direto para diversificar as culturas.,rotação de culturas para manter os nutrientes no solo.,2013,33,CH,A,portuguese,,2.18478,1.226,0.19323,187
QUESTÃO 34,"Há cerca de um ano, 248 famílias de baixa renda que moravam em área de deslizamento do Morro do Preventório, em Niterói (RJ), ganharam apartamentos em um condomínio. Com uma renda média mensal de dois salários mínimos e um apartamento com padrão de classe média, as famílias foram às compras de móveis e eletrodomésticos. Mas acabaram surpreendidas com as primeiras contas que não pagavam na favela: a maior parte está endividada. Uma política pública relacionada com a contradição descrita e uma ação que reduziria seus efeitos estão identificadas, respectivamente, em:",Financeira — expansão das linhas de crédito para as classes médias.,Habitacional — apoio a geração de emprego e renda entre os mais pobres.,Demográfica — restrição à migração e incentivo ao retorno das famílias de migrantes.,Ambiental – preservação de encostas e parques ecológicos.,Educacional — combate ao analfabetismo e a evasão escolar em comunidades pobres.,2013,34,CH,C,portuguese,9.0,0.8512,2.1432,0.1505,187
QUESTÃO 34,"Há cerca de um ano, 248 famílias de baixa renda que moravam em área de deslizamento do Morro do Preventório, em Niterói (RJ), ganharam apartamentos em um condomínio. Com uma renda média mensal de dois salários mínimos e um apartamento com padrão de classe média, as famílias foram às compras de móveis e eletrodomésticos. Mas acabaram surpreendidas com as primeiras contas que não pagavam na favela: a maior parte está endividada. Uma política pública relacionada com a contradição descrita e uma ação que reduziria seus efeitos estão identificadas, respectivamente, em:",Financeira — expansão das linhas de crédito para as classes médias.,Habitacional — apoio a geração de emprego e renda entre os mais pobres.,Demográfica — restrição à migração e incentivo ao retorno das famílias de migrantes.,Ambiental – preservação de encostas e parques ecológicos.,Educacional — combate ao analfabetismo e a evasão escolar em comunidades pobres.,2013,34,CH,C,portuguese,,1.15498,0.90003,0.25824,187
QUESTÃO 35,"No alvorecer do século XX, o Rio de Janeiro sofreu, de fato, uma intervenção que alterou profundamente sua fisionomia e estrutura, e que repercutiu como um terremoto nas condições de vida da população. O texto refere-se à reforma urbanística ocorrida na capital da República, na qual a ação governamental e seu resultado social encontram-se na:",Cobrança de impostos — ocupação da periferia.,Destruição de cortiços — revolta da população pobre.,Criação do transporte de massa — ampliação das favelas.,Construção de hospitais públicos — insatisfação da elite urbana.,Edificação de novas moradias — concentração de trabalhadores.,2013,35,CH,B,portuguese,,2.93092,1.33864,0.19518,187
QUESTÃO 35,"No alvorecer do século XX, o Rio de Janeiro sofreu, de fato, uma intervenção que alterou profundamente sua fisionomia e estrutura, e que repercutiu como um terremoto nas condições de vida da população. O texto refere-se à reforma urbanística ocorrida na capital da República, na qual a ação governamental e seu resultado social encontram-se na:",Cobrança de impostos — ocupação da periferia.,Destruição de cortiços — revolta da população pobre.,Criação do transporte de massa — ampliação das favelas.,Construção de hospitais públicos — insatisfação da elite urbana.,Edificação de novas moradias — concentração de trabalhadores.,2013,35,CH,B,portuguese,13.0,0.6033,1.5605,0.2899,187
QUESTÃO 36,"Descrição da imagem: O gráfico do IBGE, produzido com base nos Censos Demográficos de 2000 e 2010, focaliza o número de brasileiros de 5 anos ou mais de idade, que viviam no exterior entre 1995 e 2005 e retornaram para o Brasil, e apresenta os seguintes dados: 2000: 78 4602010: 163 017 Um fator no Brasil que explica a situação social demonstrada no gráfico está expresso em:",Declínio do trabalho formal.,Subsídio econômico do governo.,Aumento do controle da migração.,Decréscimo da renda dos empregados.,Expansão da demanda de mão de obra.,2013,36,CH,A,portuguese,1.0,1.116,1.781,0.173,187
QUESTÃO 36,"Descrição da imagem: O gráfico do IBGE, produzido com base nos Censos Demográficos de 2000 e 2010, focaliza o número de brasileiros de 5 anos ou mais de idade, que viviam no exterior entre 1995 e 2005 e retornaram para o Brasil, e apresenta os seguintes dados: 2000: 78 4602010: 163 017 Um fator no Brasil que explica a situação social demonstrada no gráfico está expresso em:",Declínio do trabalho formal.,Subsídio econômico do governo.,Aumento do controle da migração.,Decréscimo da renda dos empregados.,Expansão da demanda de mão de obra.,2013,36,CH,A,portuguese,,1.24159,0.64201,0.04242,187
QUESTÃO 37,"O trabalho de recomposição que nos espera não admite medidas contemporizadoras. Implica o reajustamento social e econômico de todos os rumos até aqui seguidos. Comecemos por desmontar a máquina do favoritismo parasitário, com toda sua descendência espúria. Discurso de posse de Getúlio Vargas como chefe do governo provisório, pronunciado em 03 de novembro de 1930. Em seu discurso de posse, como forma de legitimar o regime político implantado em 1930, Getúlio Vargas estabelece uma crítica ao",funcionamento regular dos partidos políticos.,controle político exercido pelas oligarquias estaduais.,centralismo presente na Constituição então em vigor.,mecanismo jurídico que impedia as fraudes eleitorais.,imobilismo popular nos processos político-eleitorais.,2013,37,CH,C,portuguese,,2.258,1.142,0.295,187
QUESTÃO 37,"O trabalho de recomposição que nos espera não admite medidas contemporizadoras. Implica o reajustamento social e econômico de todos os rumos até aqui seguidos. Comecemos por desmontar a máquina do favoritismo parasitário, com toda sua descendência espúria. Discurso de posse de Getúlio Vargas como chefe do governo provisório, pronunciado em 03 de novembro de 1930. Em seu discurso de posse, como forma de legitimar o regime político implantado em 1930, Getúlio Vargas estabelece uma crítica ao",funcionamento regular dos partidos políticos.,controle político exercido pelas oligarquias estaduais.,centralismo presente na Constituição então em vigor.,mecanismo jurídico que impedia as fraudes eleitorais.,imobilismo popular nos processos político-eleitorais.,2013,37,CH,C,portuguese,19.0,1.147,0.024,0.163,187
QUESTÃO 38,"A crise do modelo de desenvolvimento brasileiro, perverso e excludente, foi marcada, especialmente, pela concentração de renda. As consequências dessa agravante são observadas por alguns problemas caóticos, como gastos infinitos com segurança pública, vias saturadas e mal planejadas, poluição hídrica e aglomerados urbanos sem infraestrutura. No espaço urbano brasileiro, vêm se agravando os problemas socioambientais relacionados a um modelo de desenvolvimento que configurou formas diversas de exclusão social. Uma ação capaz de colaborar com a solução desses problemas é",investir de forma eficiente em melhorias na qualidade de vida no campo para impedir o êxodo rural.,integrar necessidades econômicas e sociais na formulação de estratégias de planejamento para as cidades.,transferir as populações das favelas para áreas não suscetíveis à erosão em outros estados.,considerar a organização dos espaços urbanos de acordo com as condições culturais dos grupos que os ocupam.,facilitar o assentamento de populações nas áreas fluviais urbanas para incentivar a formação de espaços produtivos democráticos.,2013,38,CH,A,portuguese,27.0,2.53003,0.88477,0.18263,187
QUESTÃO 38,"A crise do modelo de desenvolvimento brasileiro, perverso e excludente, foi marcada, especialmente, pela concentração de renda. As consequências dessa agravante são observadas por alguns problemas caóticos, como gastos infinitos com segurança pública, vias saturadas e mal planejadas, poluição hídrica e aglomerados urbanos sem infraestrutura. No espaço urbano brasileiro, vêm se agravando os problemas socioambientais relacionados a um modelo de desenvolvimento que configurou formas diversas de exclusão social. Uma ação capaz de colaborar com a solução desses problemas é",investir de forma eficiente em melhorias na qualidade de vida no campo para impedir o êxodo rural.,integrar necessidades econômicas e sociais na formulação de estratégias de planejamento para as cidades.,transferir as populações das favelas para áreas não suscetíveis à erosão em outros estados.,considerar a organização dos espaços urbanos de acordo com as condições culturais dos grupos que os ocupam.,facilitar o assentamento de populações nas áreas fluviais urbanas para incentivar a formação de espaços produtivos democráticos.,2013,38,CH,A,portuguese,,1.44634,0.70711,0.19437,187
QUESTÃO 39,"Pense no crescimento tecnológico de sua cidade nos últimos 10 ou 15 anos e perceberá que, embora ela tenha crescido, a maioria dos novos bairros é moradia de pessoas humildes que, ou foram expulsas da área mais central pelo progresso técnico-científico, ou vieram do  campo ou de outras regiões buscando melhores condições de vida, mas agora residem em lugares desprovidos dos serviços básicos. Com as transformações ocorridas nas áreas rurais e urbanas das cidades pelo advento das tecnologias, as pessoas procuram se beneficiar de novas formas de sobrevivência. Para isso, apropriam-se dos espaços irregularmente. Diante dessa situação, o poder público deve criar políticas capazes de gerar",adaptação das moradias para oferecer qualidade de vida às pessoas.,locais de moradia dignos e infraestrutura adequada para esses novos moradores.,mutirões entre os moradores para o melhoramento estético das moradias populares.,financiamentos para novas construções e acompanhamento dos serviços técnicos.,"situações de regularização de seus terrenos, mesmo que em áreas inadequadas.",2013,39,CH,C,portuguese,18.0,4.4127,0.8858,0.1532,187
QUESTÃO 39,"Pense no crescimento tecnológico de sua cidade nos últimos 10 ou 15 anos e perceberá que, embora ela tenha crescido, a maioria dos novos bairros é moradia de pessoas humildes que, ou foram expulsas da área mais central pelo progresso técnico-científico, ou vieram do  campo ou de outras regiões buscando melhores condições de vida, mas agora residem em lugares desprovidos dos serviços básicos. Com as transformações ocorridas nas áreas rurais e urbanas das cidades pelo advento das tecnologias, as pessoas procuram se beneficiar de novas formas de sobrevivência. Para isso, apropriam-se dos espaços irregularmente. Diante dessa situação, o poder público deve criar políticas capazes de gerar",adaptação das moradias para oferecer qualidade de vida às pessoas.,locais de moradia dignos e infraestrutura adequada para esses novos moradores.,mutirões entre os moradores para o melhoramento estético das moradias populares.,financiamentos para novas construções e acompanhamento dos serviços técnicos.,"situações de regularização de seus terrenos, mesmo que em áreas inadequadas.",2013,39,CH,C,portuguese,,1.1743,-0.39546,0.1869,187
QUESTÃO 40,"O governo de Cingapura, que vem enfrentando reclamações de residentes que precisam competir com estrangeiros por emprego, endureceu as regras para que empresas contratem funcionários de outros países para posições de nível médio. A partir de janeiro de 2012, um estrangeiro precisa ganhar 3 000 dólares cingapurianos (2 493 dólares americanos) ou mais por mês antes de se qualificar para um visto de trabalho que lhe permitirá trabalhar em Cingapura. As medidas adotadas pelo governo de Cingapura objetivam favorecer a",inserção da mão de obra local no mercado de trabalho.,participação de população imigrante no setor terciário.,ação das empresas estatais na economia nacional.,expansão dos trabalhadores estrangeiros no setor primário.,captação de recursos financeiros internacionais.,2013,40,CH,C,portuguese,4.0,1.859,0.6345,0.1625,187
QUESTÃO 40,"O governo de Cingapura, que vem enfrentando reclamações de residentes que precisam competir com estrangeiros por emprego, endureceu as regras para que empresas contratem funcionários de outros países para posições de nível médio. A partir de janeiro de 2012, um estrangeiro precisa ganhar 3 000 dólares cingapurianos (2 493 dólares americanos) ou mais por mês antes de se qualificar para um visto de trabalho que lhe permitirá trabalhar em Cingapura. As medidas adotadas pelo governo de Cingapura objetivam favorecer a",inserção da mão de obra local no mercado de trabalho.,participação de população imigrante no setor terciário.,ação das empresas estatais na economia nacional.,expansão dos trabalhadores estrangeiros no setor primário.,captação de recursos financeiros internacionais.,2013,40,CH,C,portuguese,,3.14294,0.49271,0.17601,187
QUESTÃO 41,"O Baile Charme, uma das mais conhecidas man ifestações culturais do povo carioca, fica cadastrado como bem cultural de natureza imaterial da cidade. O decreto considera o Baile Charme uma genuína invenção carioca, e destaca a riqueza de sua origem na musicalidade africana, que abriga ritmos como o soul , o funk e o rythim’n blues , da fonte norte-americana, e o choro, o samba e a bossa-nova, criações nascidas no Rio. O Baile Charme é cultuado, principalmente na Zona Norte da cidade, seja em clubes, agremiações recreativas e espaços públicos como a área do Viaduto de Madureira. Segundo o texto, o cadastramento do Baile Charme como bem imaterial da cidade do Rio de Janeiro ocorreu porque essa manifestação cultural",possui um grande apelo de público.,simboliza uma região de relevância social.,contém uma pluralidade de gêneros musicais.,reflete um gosto fonográfico de camadas pobres.,representa uma diversidade de costumes populares.,2013,41,CH,A,portuguese,,0.77959,0.64572,0.02669,187
QUESTÃO 41,"O Baile Charme, uma das mais conhecidas man ifestações culturais do povo carioca, fica cadastrado como bem cultural de natureza imaterial da cidade. O decreto considera o Baile Charme uma genuína invenção carioca, e destaca a riqueza de sua origem na musicalidade africana, que abriga ritmos como o soul , o funk e o rythim’n blues , da fonte norte-americana, e o choro, o samba e a bossa-nova, criações nascidas no Rio. O Baile Charme é cultuado, principalmente na Zona Norte da cidade, seja em clubes, agremiações recreativas e espaços públicos como a área do Viaduto de Madureira. Segundo o texto, o cadastramento do Baile Charme como bem imaterial da cidade do Rio de Janeiro ocorreu porque essa manifestação cultural",possui um grande apelo de público.,simboliza uma região de relevância social.,contém uma pluralidade de gêneros musicais.,reflete um gosto fonográfico de camadas pobres.,representa uma diversidade de costumes populares.,2013,41,CH,A,portuguese,20.0,1.1583,1.5311,0.1406,187
QUESTÃO 42,"De acordo com o historiador Boris Fausto: A vinda da família real deslocou definitivamente o eixo da vida administrativa da Colônia para o Rio de Janeiro, mudando também a fisionomia da cidade. A presença da Corte implicava uma alteração do acanhado cenário urbano da Colônia, mas a marca do absolutismo acompanharia a alteração. As transformações ocorridas na cidade do Rio de Janeiro em decorrência da presença da Corte estavam limitadas à superfície das estruturas sociais porque",a pujança do desenvolvimento comercial e industrial retirava da agricultura de exportação a posição de atividade econômica central na Colônia.,a expansão das atividades econômicas e o desenvolvimento de novos hábitos conviviam com a exploração do trabalho escravo.,"a emergência das práticas liberais, com a abertura dos portos, impedia uma renovação política em prol da formação de uma sociedade menos desigual.","a integração das elites políticas regionais, sob a liderança do Rio de Janeiro, ensejava a formação de um projeto político separatista de cunho republicano.","a dinamização da economia urbana retardava o letramento de mulatos e imigrantes, importante para as necessidades do trabalho na cidade.",2013,42,CH,C,portuguese,,1.928,1.466,0.38,187
QUESTÃO 42,"De acordo com o historiador Boris Fausto: A vinda da família real deslocou definitivamente o eixo da vida administrativa da Colônia para o Rio de Janeiro, mudando também a fisionomia da cidade. A presença da Corte implicava uma alteração do acanhado cenário urbano da Colônia, mas a marca do absolutismo acompanharia a alteração. As transformações ocorridas na cidade do Rio de Janeiro em decorrência da presença da Corte estavam limitadas à superfície das estruturas sociais porque",a pujança do desenvolvimento comercial e industrial retirava da agricultura de exportação a posição de atividade econômica central na Colônia.,a expansão das atividades econômicas e o desenvolvimento de novos hábitos conviviam com a exploração do trabalho escravo.,"a emergência das práticas liberais, com a abertura dos portos, impedia uma renovação política em prol da formação de uma sociedade menos desigual.","a integração das elites políticas regionais, sob a liderança do Rio de Janeiro, ensejava a formação de um projeto político separatista de cunho republicano.","a dinamização da economia urbana retardava o letramento de mulatos e imigrantes, importante para as necessidades do trabalho na cidade.",2013,42,CH,C,portuguese,29.0,0.6659,0.7752,0.1947,187
QUESTÃO 43,"O termo injusto se aplica tanto às pessoas que infringem a lei quanto às pessoas ambiciosas (no sentido de quererem mais do que aquilo a que têm direito) e iníquas, de tal forma que as cumpridoras da lei e as pessoas corretas serão justas. O justo, então, é aquilo conforme à lei e o injusto é o ilegal e iníquo. Segundo Aristóteles, pode-se reconhecer uma ação justa quando ela observa o",compromisso com os movimentos desvinculados da legalidade.,benefício para o maior número possível de indivíduos.,interesse para a classe social do agente da ação.,fundamento na categoria de progresso histórico.,princípio de dar a cada um o que lhe é devido.,2013,43,CH,C,portuguese,,1.7534,-0.24996,0.01042,187
QUESTÃO 43,"O termo injusto se aplica tanto às pessoas que infringem a lei quanto às pessoas ambiciosas (no sentido de quererem mais do que aquilo a que têm direito) e iníquas, de tal forma que as cumpridoras da lei e as pessoas corretas serão justas. O justo, então, é aquilo conforme à lei e o injusto é o ilegal e iníquo. Segundo Aristóteles, pode-se reconhecer uma ação justa quando ela observa o",compromisso com os movimentos desvinculados da legalidade.,benefício para o maior número possível de indivíduos.,interesse para a classe social do agente da ação.,fundamento na categoria de progresso histórico.,princípio de dar a cada um o que lhe é devido.,2013,43,CH,C,portuguese,28.0,1.3888,1.0314,0.2984,187
QUESTÃO 44,"Nas palavras de Maquiavel, no livro O príncipe: Mas, sendo minha intenção escrever algo de útil para quem por tal se interesse, pareceu-me mais conveniente ir em busca da verdade extraída dos fatos e não à imaginação dos mesmos, pois muitos conceberam repúblicas e principados jamais vistos ou conhecidos como tendo realmente existido. A partir do texto, é possível perceber a crítica maquiaveliana à filosofia política de Platão, pois há nesta a",elaboração de um ordenamento político com fundamento na bondade infinita de Deus.,explicitação dos acontecimentos políticos do período clássico de forma imparcial.,utilização da oratória política como meio de convencer os oponentes na ágora.,investigação das constituições políticas de Atenas pelo método indutivo.,idealização de um mundo político perfeito existente no mundo das ideias.,2013,44,CH,A,portuguese,13.0,1.9355,1.0216,0.3168,187
QUESTÃO 44,"Nas palavras de Maquiavel, no livro O príncipe: Mas, sendo minha intenção escrever algo de útil para quem por tal se interesse, pareceu-me mais conveniente ir em busca da verdade extraída dos fatos e não à imaginação dos mesmos, pois muitos conceberam repúblicas e principados jamais vistos ou conhecidos como tendo realmente existido. A partir do texto, é possível perceber a crítica maquiaveliana à filosofia política de Platão, pois há nesta a",elaboração de um ordenamento político com fundamento na bondade infinita de Deus.,explicitação dos acontecimentos políticos do período clássico de forma imparcial.,utilização da oratória política como meio de convencer os oponentes na ágora.,investigação das constituições políticas de Atenas pelo método indutivo.,idealização de um mundo político perfeito existente no mundo das ideias.,2013,44,CH,A,portuguese,,1.1017,0.67455,0.02104,187
QUESTÃO 45,"O servo pertence à terra e rende frutos ao dono da terra. O operário urbano livre, ao contrário, vende-se a si mesmo e, além disso, por partes. Vende em leilão 8,10,12,15 horas da sua vida, dia após dia, a quem melhor pagar, ao proprietário das matérias-primas, dos instrumentos de trabalho e dos meios de subsistência, isto é, ao capitalista. O texto de Karl Marx indica que houve uma transformação dos espaços urbanos e rurais com a implementação do sistema capitalista, devido às mudanças tecnossociais ligadas ao",desenvolvimento agrário e ao regime de servidão.,"aumento da produção rural, que fixou a população nesse meio.",desenvolvimento das zonas urbanas e às novas relações de trabalho.,aumento populacional das cidades associado ao regime de servidão.,desenvolvimento da produção urbana associada às relações servis de trabalho.,2013,45,CH,C,portuguese,10.0,1.9901,1.3562,0.2349,187
QUESTÃO 45,"O servo pertence à terra e rende frutos ao dono da terra. O operário urbano livre, ao contrário, vende-se a si mesmo e, além disso, por partes. Vende em leilão 8,10,12,15 horas da sua vida, dia após dia, a quem melhor pagar, ao proprietário das matérias-primas, dos instrumentos de trabalho e dos meios de subsistência, isto é, ao capitalista. O texto de Karl Marx indica que houve uma transformação dos espaços urbanos e rurais com a implementação do sistema capitalista, devido às mudanças tecnossociais ligadas ao",desenvolvimento agrário e ao regime de servidão.,"aumento da produção rural, que fixou a população nesse meio.",desenvolvimento das zonas urbanas e às novas relações de trabalho.,aumento populacional das cidades associado ao regime de servidão.,desenvolvimento da produção urbana associada às relações servis de trabalho.,2013,45,CH,C,portuguese,,2.49956,0.79913,0.24687,187
